file,line,name,facet,choice,confidence,pinpoint,fit_1,fit_1_score,fit_2,fit_2_score,fit_3,fit_3_score
assets/js/sizing/ui.js,3018,mergeReSlice,security,validate-guard,0.98,multiple-sites,sink-avoidance,2.96,fallback-default,1.94,token-not-in-url,1.39
scripts/smoke/actions.mjs,85,setInputs,security,sink-avoidance,0.98,signature-itself,escape-output,1.97,token-not-in-url,1.85,sink-avoidance,0.16
scripts/smoke/lifecycle.js,7,runLifecycleFlow,security,sink-avoidance,0.97,evaluate,unhandled-guard,2.07,token-not-in-url,1.97,escape-output,1.37
tests/weather-persistence.test.mjs,257,setItem,security,validate-guard,0.97,set,sink-avoidance,2.76,token-not-in-url,1.17,escape-output,0.08
assets/js/sizing/ui.js,7705,populatePrintSheet,security,escape-output,0.96,footprintText,fallback-default,2.37,token-not-in-url,2.17,sink-avoidance,1.2
scripts/smoke-local.mjs,21,run,errors,propagate-reject,0.96,spawn,fallback-default,1.61,unhandled-guard,1.27,result-object,0.78
tests/cities.test.mjs,428,setItem,security,validate-guard,0.96,signature-itself,sink-avoidance,2.75,token-not-in-url,0.16,validate-guard,0.08
tests/perf-budget.test.mjs,247,stubPowerFetch,security,validate-guard,0.96,match,sink-avoidance,2.96,token-not-in-url,1.96,escape-output,0.53
tests/wizard.test.mjs,17,setItem,security,validate-guard,0.96,String,sink-avoidance,2.85,escape-output,0.13,token-not-in-url,0.1
assets/js/sizing/nasa.js,280,clearCompactCache,security,validate-guard,0.95,idbDelete,sink-avoidance,2.97,token-not-in-url,1.7,least-privilege-fetch,0.6
scripts/smoke/a11y.js,134,relativeLuminance,errors,validate-early,0.95,f,validate-early,0.8,unhandled-guard,0.36,result-object,0.2
tests/simple-mode-storage.test.mjs,20,setItem,security,validate-guard,0.95,signature-itself,sink-avoidance,2.42,token-not-in-url,0.29,escape-output,0.19
assets/js/sizing/frontier.js,56,isBoundLimited,errors,validate-early,0.94,multiple-sites,validate-early,0.95,unhandled-guard,0.84,result-object,0.38
assets/js/sizing/frontier.js,219,paretoFront,errors,validate-early,0.94,sort,unhandled-guard,0.85,validate-early,0.49,result-object,0.17
assets/js/sizing/ui.js,3451,previewCurvePoint,security,validate-guard,0.94,multiple-sites,sink-avoidance,2.9,token-not-in-url,1.43,fallback-default,0.97
assets/js/sizing/ui.js,6170,applyGenRate,security,validate-guard,0.94,toFixed,sink-avoidance,2.95,escape-output,2.32,validate-guard,1.75
scripts/check-privacy-browser.mjs,52,run,errors,propagate-reject,0.94,signature-itself,fallback-default,1.22,unhandled-guard,1.21,result-object,0.85
tests/weather-persistence.test.mjs,73,put,security,validate-guard,0.94,signature-itself,sink-avoidance,2.92,token-not-in-url,1.26,unhandled-guard,1.24
tests/weather-persistence.test.mjs,258,removeItem,security,validate-guard,0.94,signature-itself,sink-avoidance,2.79,token-not-in-url,1.56,escape-output,0.13
assets/js/sizing/ui.js,1319,applianceState,security,validate-guard,0.93,$,sink-avoidance,2.96,token-not-in-url,1.87,escape-output,1.69
assets/js/sizing/engine.js,184,flatProfile,errors,validate-early,0.92,from,unhandled-guard,1.01,validate-early,0.76,throw-domain-error,0.28
assets/js/sizing/frontier-chart.js,62,textWidth,errors,validate-early,0.92,signature-itself,validate-early,0.57,unhandled-guard,0.32,fallback-default,0.17
assets/js/sizing/run.js,417,runSizingUncached,security,validate-guard,0.92,await,sink-avoidance,2.94,fallback-default,2.89,propagate-reject,2.29
tests/weather-persistence.test.mjs,121,weatherRecord,security,validate-guard,0.92,yearWindow,sink-avoidance,2.96,token-not-in-url,1.64,least-privilege-fetch,0.3
assets/js/sizing/ui.js,5059,band,security,validate-guard,0.91,multiple-sites,sink-avoidance,2.97,unhandled-guard,0.75,propagate-reject,0.55
assets/js/sizing/ui.js,6939,monthName,security,validate-guard,0.91,toLocaleDateString,sink-avoidance,2.96,token-not-in-url,0.94,unhandled-guard,0.6
scripts/lib/gates.mjs,242,headersFor,security,validate-guard,0.91,patternMatches,sink-avoidance,2.86,fallback-default,1.8,token-not-in-url,1.31
tests/jargon-lint.test.mjs,42,setItem,security,validate-guard,0.91,String,sink-avoidance,2.86,token-not-in-url,0.32,escape-output,0.11
scripts/smoke/actions.mjs,65,chooseHonolulu,security,sink-avoidance,0.9,poll,token-not-in-url,2.22,escape-output,1.93,fail-closed,1.45
assets/js/sizing/engine.js,470,downsampleEnvelope,errors,validate-early,0.89,signature-itself,validate-early,0.91,throw-domain-error,0.56,unhandled-guard,0.38
assets/js/sizing/frontier.js,90,battLadder,errors,validate-early,0.89,includes,fallback-default,1.3,validate-early,0.74,unhandled-guard,0.35
scripts/check-visual.mjs,172,capture,security,url-whitelist,0.89,goto,sink-avoidance,2.5,token-not-in-url,2.04,escape-output,1.2
scripts/smoke/gridtie.js,7,runGridTieFlow,security,sink-avoidance,0.89,evaluate,split-function,2.74,worker-postmessage,2.63,await-chain,2.46
assets/js/sizing/charts.js,1435,findWorstStreak,errors,validate-early,0.88,signature-itself,fallback-default,1.38,unhandled-guard,0.95,validate-early,0.95
assets/js/sizing/tilt-harvest.js,19,deg2rad,errors,validate-early,0.88,multiple-sites,unhandled-guard,0.9,validate-early,0.36,throw-domain-error,0.14
tests/consumer-usecases.test.mjs,38,optimalYearRoundTilt,errors,validate-early,0.88,signature-itself,unhandled-guard,0.87,validate-early,0.42,throw-domain-error,0.11
assets/js/sizing/frontier.js,238,thinFront,errors,validate-early,0.87,signature-itself,fallback-default,1.13,unhandled-guard,0.9,validate-early,0.63
tests/consumer-usecases.test.mjs,96,describeInverter,errors,validate-early,0.87,signature-itself,unhandled-guard,0.82,fallback-default,0.66,validate-early,0.32
tests/consumer-usecases.test.mjs,282,computeWeightedTrueRate,errors,validate-early,0.87,signature-itself,validate-early,1.01,unhandled-guard,0.67,throw-domain-error,0.48
assets/js/sizing/money.js,70,laborMidPerKwh,errors,validate-early,0.86,signature-itself,fallback-default,1.49,validate-early,1.06,unhandled-guard,0.82
assets/js/sizing/run.js,793,toPct,errors,validate-early,0.86,round,unhandled-guard,0.29,validate-early,0.15,fallback-default,0.05
assets/js/sizing/tilt-harvest.js,24,declination,errors,validate-early,0.86,sin,unhandled-guard,0.72,validate-early,0.66,throw-domain-error,0.23
assets/js/sizing/ui.js,4361,renderRelativeOptions,security,escape-output,0.86,fmtDelta,fallback-default,2.5,token-not-in-url,2.07,unhandled-guard,1.51
scripts/smoke/deadline.js,10,runDeadlineFlow,security,sink-avoidance,0.86,evaluate,escape-output,2.35,unhandled-guard,2.31,token-not-in-url,2.28
scripts/verify-staging.mjs,160,fetchText,security,url-whitelist,0.86,signature-itself,sink-avoidance,2.9,token-not-in-url,1.35,least-privilege-fetch,0.81
assets/js/sizing/cities.js,257,setGeocodeFetchImpl,wiring,state-store,0.85,signature-itself,state-store,2.03,delegate-up,1.22,unhandled-guard,0.81
assets/js/sizing/ui.js,1230,renderInfeasibleBanner,security,escape-output,0.85,$,escape-output,2.19,unhandled-guard,1.56,token-not-in-url,1.37
assets/js/sizing/ui.js,1307,setLoadPanel,security,validate-guard,0.85,$,sink-avoidance,2.95,escape-output,2.38,token-not-in-url,1.77
assets/js/sizing/ui.js,6939,monthName,errors,validate-early,0.85,toLocaleDateString,sink-avoidance,2.96,token-not-in-url,0.94,unhandled-guard,0.6
scripts/generate-heatmap-data.mjs,72,annualYieldKwhPerKwp,errors,validate-early,0.85,arrayEfficiency,validate-early,1.31,unhandled-guard,1.01,propagate-reject,0.4
scripts/serve-static.mjs,64,serveStatic,security,validate-guard,0.85,multiple-sites,sink-avoidance,2.95,fail-closed,1.99,token-not-in-url,1.82
tests/consumer-usecases.test.mjs,126,fakeAdoptFrontierPoint,wiring,state-store,0.85,signature-itself,unhandled-guard,1.51,fallback-default,1.16,split-function,0.61
tests/weather-persistence.test.mjs,65,transaction,errors,propagate-reject,0.85,signature-itself,unhandled-guard,1.45,fallback-default,0.62,result-object,0.27
tests/weather-persistence.test.mjs,110,put,security,validate-guard,0.85,signature-itself,sink-avoidance,2.64,token-not-in-url,0.44,escape-output,0.2
assets/js/sizing/charts.js,999,drawSocChartForEntry,security,validate-guard,0.84,drawSocChart,sink-avoidance,2.94,token-not-in-url,2.32,validate-guard,1.96
scripts/build-offline-profiles.mjs,25,monthOfDay,errors,validate-early,0.84,signature-itself,throw-domain-error,0.83,unhandled-guard,0.83,validate-early,0.79
tests/cities.test.mjs,490,addEventListener,errors,validate-early,0.84,signature-itself,fallback-default,1.02,validate-early,0.48,unhandled-guard,0.15
tests/worker-showcase.test.mjs,85,post,security,url-whitelist,0.84,fetch,sink-avoidance,2.9,token-not-in-url,1.93,least-privilege-fetch,0.96
assets/js/chat.js,828,money,errors,validate-early,0.83,toLocaleString,unhandled-guard,0.63,validate-early,0.51,propagate-reject,0.1
assets/js/sizing/bom.js,90,nextControllerSize,errors,validate-early,0.83,ceilTo,unhandled-guard,0.7,propagate-reject,0.52,validate-early,0.4
assets/js/sizing/frontier.js,72,pvLadder,errors,validate-early,0.83,includes,fallback-default,1.39,validate-early,0.87,unhandled-guard,0.56
assets/js/sizing/money.js,116,swapSchedule,errors,validate-early,0.83,signature-itself,fallback-default,1.43,validate-early,0.88,unhandled-guard,0.77
tests/nasa-timeout.test.mjs,10,hangingFetch,wiring,return-promise,0.83,signature-itself,return-promise,0.97,abort-signal,0.96,await-chain,0.48
tests/worker-showcase.test.mjs,99,get,security,url-whitelist,0.83,fetch,sink-avoidance,2.84,token-not-in-url,1.64,least-privilege-fetch,0.63
assets/js/sizing/charts.js,81,drawSunStrip,errors,validate-early,0.82,X,unhandled-guard,1.03,fallback-default,0.93,validate-early,0.79
assets/js/sizing/charts.js,700,X,errors,validate-early,0.82,signature-itself,unhandled-guard,0.26,validate-early,0.21,propagate-reject,0.04
assets/js/sizing/charts.js,701,Y,errors,validate-early,0.82,multiple-sites,unhandled-guard,0.83,validate-early,0.16,propagate-reject,0.03
assets/js/sizing/frontier.js,487,linearCapex,errors,validate-early,0.82,max,validate-early,0.8,unhandled-guard,0.54,throw-domain-error,0.08
assets/js/sizing/paths.js,526,addTo,errors,validate-early,0.82,signature-itself,unhandled-guard,1.21,validate-early,0.81,throw-domain-error,0.44
assets/js/sizing/ui.js,5015,purchasePaths,security,validate-guard,0.82,priceAllPaths,sink-avoidance,2.9,token-not-in-url,1.75,validate-guard,1.63
scripts/lib/gates.mjs,362,resolveRequestPath,security,validate-guard,0.82,decodeURIComponent,sink-avoidance,2.68,fail-closed,2.23,validate-guard,1.41
assets/js/sizing/bom.js,164,retailConfig,errors,validate-early,0.81,multiple-sites,unhandled-guard,0.92,fallback-default,0.82,validate-early,0.47
assets/js/sizing/frontier-chart.js,71,placeLabel,errors,validate-early,0.81,textWidth,fallback-default,2.2,result-object,0.76,unhandled-guard,0.51
scripts/lib/jev-scope.mjs,12,normalisePlanItem,errors,validate-early,0.81,signature-itself,fallback-default,1.16,validate-early,0.57,unhandled-guard,0.19
scripts/lib/worker-bridge.mjs,137,waitUntil,wiring,return-promise,0.81,signature-itself,unhandled-guard,0.76,propagate-reject,0.66,validate-early,0.63
tests/worker.test.mjs,356,globalThis.fetch,errors,propagate-reject,0.81,signature-itself,unhandled-guard,1.71,result-object,1.58,propagate-reject,0.44
assets/js/sizing/charts.js,1136,X,errors,validate-early,0.8,multiple-sites,unhandled-guard,0.32,validate-early,0.29,propagate-reject,0.02
assets/js/sizing/location-picker.js,25,el,security,escape-output,0.8,signature-itself,sink-avoidance,2.94,escape-output,2.78,fallback-default,1.66
assets/js/sizing/nasa.js,115,buildUrl,security,validate-guard,0.8,roundCoords,sink-avoidance,2.79,token-not-in-url,2.3,url-whitelist,0.71
assets/js/sizing/run.js,247,siteMemoKey,errors,validate-early,0.8,signature-itself,fallback-default,1.56,try-catch-local,0.5,validate-early,0.46
assets/js/sizing/ui.js,4492,fmtDelta,errors,validate-early,0.8,signature-itself,fallback-default,1.69,validate-early,0.64,unhandled-guard,0.54
assets/js/sizing/ui.js,5850,renderBomPanel,security,escape-output,0.8,buildFocusBom,unhandled-guard,1.98,token-not-in-url,1.96,fallback-default,1.68
scripts/check-a11y-matrix.mjs,373,audit,wiring,split-function,0.8,launchChrome,await-chain,2.93,split-function,2.44,delegate-up,1.96
tests/worker-showcase.test.mjs,53,put,errors,propagate-reject,0.8,signature-itself,unhandled-guard,1.26,propagate-reject,1.06,result-object,0.3
assets/js/sizing/charts.js,229,X,errors,validate-early,0.79,multiple-sites,unhandled-guard,0.28,validate-early,0.18,propagate-reject,0.03
assets/js/sizing/engine.js,202,applianceProfile,errors,validate-early,0.79,multiple-sites,fallback-default,1.91,validate-early,0.76,unhandled-guard,0.75
assets/js/sizing/frontier-chart.js,159,renderFrontier,security,escape-output,0.79,signature-itself,fallback-default,2.42,token-not-in-url,1.85,unhandled-guard,1.56
assets/js/sizing/paths.js,212,expandRegion,errors,validate-early,0.79,signature-itself,fallback-default,2.21,unhandled-guard,1.22,validate-early,0.77
assets/js/sizing/paths.js,889,addOwnerRecurring,errors,validate-early,0.79,reduce,unhandled-guard,1.38,fallback-default,0.82,validate-early,0.77
scripts/lib/quality-evidence.mjs,311,currencySentence,errors,validate-early,0.79,max,unhandled-guard,1.27,validate-early,0.87,fallback-default,0.31
scripts/smoke/runtime.mjs,199,send,security,validate-guard,0.79,setTimeout,return-promise,2.92,sink-avoidance,2.92,state-store,2.02
tests/location-picker.test.mjs,466,getCurrentPosition,errors,propagate-reject,0.79,signature-itself,unhandled-guard,1.18,validate-early,0.39,try-catch-local,0.25
tests/simple-mode-storage.test.mjs,19,getItem,security,validate-guard,0.79,signature-itself,sink-avoidance,2.95,fail-closed,1.47,token-not-in-url,1.12
assets/js/sizing/charts.js,132,drawSocChart,security,validate-guard,0.78,$,sink-avoidance,2.96,guard-clause,2.57,escape-output,2.38
assets/js/sizing/paths.js,531,leaseSchedule,errors,validate-early,0.78,addTo,fallback-default,1.8,unhandled-guard,1.59,validate-early,0.8
assets/js/sizing/ui.js,791,renderCatalogue,security,escape-output,0.78,$,token-not-in-url,1.92,unhandled-guard,1.92,escape-output,1.64
tests/weather-persistence.test.mjs,101,open,security,validate-guard,0.78,signature-itself,sink-avoidance,2.87,least-privilege-fetch,0.42,escape-output,0.27
assets/js/sizing/frontier-chart.js,440,fitFont,errors,validate-early,0.77,signature-itself,fallback-default,1.12,unhandled-guard,1.12,validate-early,0.31
assets/js/sizing/rescale.js,181,scaleFocus,errors,validate-early,0.77,round,fallback-default,1.5,validate-early,0.73,unhandled-guard,0.44
assets/js/sizing/tilt-harvest.js,38,beamOnTiltedPlane,errors,validate-early,0.77,signature-itself,result-object,0.59,unhandled-guard,0.49,validate-early,0.48
assets/js/sizing/ui.js,2181,setCoords,security,validate-guard,0.77,resolveRegionCountry,sink-avoidance,2.93,escape-output,2.83,split-function,2.62
tests/consumer-usecases.test.mjs,560,fmtDelta,errors,validate-early,0.77,signature-itself,fallback-default,1.7,unhandled-guard,0.55,validate-early,0.55
tests/weather-persistence.test.mjs,102,match,security,validate-guard,0.77,signature-itself,sink-avoidance,2.91,fail-closed,1.22,token-not-in-url,0.63
tests/weather-persistence.test.mjs,116,delete,security,validate-guard,0.77,signature-itself,sink-avoidance,2.66,token-not-in-url,1.49,least-privilege-fetch,0.29
assets/js/sizing/bom.js,129,diyConfig,errors,validate-early,0.76,multiple-sites,fallback-default,1.83,unhandled-guard,0.83,validate-early,0.79
assets/js/sizing/frontier-chart.js,232,Y,errors,validate-early,0.76,min,validate-early,0.27,unhandled-guard,0.17,fallback-default,0.09
assets/js/sizing/location-picker.js,25,el,errors,validate-early,0.76,signature-itself,sink-avoidance,2.94,escape-output,2.78,fallback-default,1.66
assets/js/sizing/location-picker.js,56,draw,security,escape-output,0.76,multiple-sites,token-not-in-url,2.3,escape-output,2.2,sink-avoidance,2.07
assets/js/sizing/paths.js,579,incentiveValue,errors,validate-early,0.76,bandMid,fallback-default,1.39,unhandled-guard,0.98,validate-early,0.72
assets/js/sizing/run.js,291,fetchWeatherOnce,security,validate-guard,0.76,fetchWeatherWithFallback,sink-avoidance,2.96,token-not-in-url,1.72,escape-output,0.36
assets/js/sizing/ui.js,828,applyUseCase,security,validate-guard,0.76,useCase,sink-avoidance,2.93,escape-output,2.76,fallback-default,2.51
scripts/check-a11y-matrix.mjs,204,auditCellInner,security,url-whitelist,0.76,evaluate,sink-avoidance,2.4,escape-output,2.1,token-not-in-url,2.07
scripts/lib/worker-bridge.mjs,91,handleWorkerRequest,security,url-whitelist,0.76,signature-itself,sink-avoidance,2.96,token-not-in-url,1.49,validate-guard,1.14
scripts/lib/worker-bridge.mjs,137,waitUntil,errors,propagate-reject,0.76,signature-itself,unhandled-guard,0.76,propagate-reject,0.66,validate-early,0.63
scripts/smoke/location.js,6,runLocationFlow,security,sink-avoidance,0.76,signature-itself,escape-output,2.13,token-not-in-url,1.79,fail-closed,1.33
tests/formatting.test.mjs,134,mkdir,wiring,return-promise,0.76,signature-itself,callback-param,0.92,return-promise,0.8,guard-clause,0.23
assets/js/sizing/bom.js,78,nextFuseSize,errors,validate-early,0.75,ceilTo,propagate-reject,0.67,unhandled-guard,0.62,throw-domain-error,0.23
assets/js/sizing/frontier-chart.js,231,X,errors,validate-early,0.75,min,validate-early,0.16,unhandled-guard,0.13,fallback-default,0.03
assets/js/sizing/lead-acid.js,72,leadAcidChipCopy,errors,validate-early,0.75,money,validate-early,1.02,result-object,0.87,unhandled-guard,0.85
assets/js/sizing/nasa.js,62,fetchChunk,security,url-whitelist,0.75,fetchImpl,sink-avoidance,2.96,token-not-in-url,2.23,least-privilege-fetch,0.9
assets/js/sizing/nasa.js,285,cacheKey,errors,validate-early,0.75,roundCoords,unhandled-guard,1.0,validate-early,0.33,fallback-default,0.24
scripts/apply-branch-protection.mjs,28,gh,security,validate-guard,0.75,execFileSync,sink-avoidance,2.01,token-not-in-url,1.74,least-privilege-fetch,1.52
scripts/lib/gates.mjs,162,wrappedByLabel,errors,validate-early,0.75,lastIndexOf,result-object,0.69,validate-early,0.53,unhandled-guard,0.24
scripts/smoke/actions.mjs,42,navigate,security,url-whitelist,0.75,signature-itself,sink-avoidance,2.21,escape-output,1.0,token-not-in-url,0.99
assets/js/sizing/bom.js,62,ceilTo,errors,validate-early,0.74,signature-itself,validate-early,0.81,throw-domain-error,0.41,result-object,0.31
assets/js/sizing/engine.js,614,strategyOffOpt,errors,validate-early,0.74,batteryReplacements,unhandled-guard,1.07,validate-early,1.07,result-object,0.44
assets/js/sizing/paths.js,686,newPath,errors,validate-early,0.74,multiple-sites,unhandled-guard,1.57,fallback-default,1.53,validate-early,0.46
assets/js/sizing/ui.js,714,setupSimpleMode,security,validate-guard,0.74,getElementById,sink-avoidance,2.97,unhandled-guard,2.15,escape-output,1.8
assets/js/sizing/ui.js,5231,renderEli5Card,security,escape-output,0.74,multiple-sites,sink-avoidance,2.96,escape-output,2.46,fallback-default,1.99
scripts/smoke/a11y.js,410,runA11yFlow,security,sink-avoidance,0.74,evaluate,escape-output,2.37,token-not-in-url,2.25,fail-closed,1.53
scripts/smoke/actions.mjs,19,jevFetchStubSource,errors,propagate-reject,0.74,signature-itself,unhandled-guard,1.54,propagate-reject,0.77,result-object,0.61
tests/experience-facet.test.mjs,91,goodLocalePass,errors,validate-early,0.74,map,unhandled-guard,1.38,result-object,0.57,validate-early,0.19
assets/js/heatmap.js,49,getPointCost,errors,validate-early,0.73,signature-itself,fallback-default,1.01,unhandled-guard,0.84,validate-early,0.39
assets/js/sizing/engine.js,120,hit,errors,validate-early,0.73,pow,fallback-default,0.85,unhandled-guard,0.69,validate-early,0.29
tests/cities.test.mjs,487,setAttribute,errors,validate-early,0.73,String,validate-early,0.43,unhandled-guard,0.37,fallback-default,0.24
tests/consistency.test.mjs,298,londonWeather,errors,propagate-reject,0.73,synthesizeFromProfile,unhandled-guard,2.22,propagate-reject,1.04,result-object,0.17
tests/gate-self-audit.test.mjs,991,healthyPath,errors,validate-early,0.73,signature-itself,fallback-default,1.31,unhandled-guard,1.27,validate-early,0.72
assets/js/sizing/cities.js,161,mergeCities,errors,validate-early,0.72,normalizeCityQuery,unhandled-guard,1.42,validate-early,0.35,throw-domain-error,0.18
assets/js/sizing/engine.js,513,evaluateOversizeOptimization,errors,validate-early,0.72,signature-itself,fallback-default,1.97,unhandled-guard,1.64,validate-early,1.11
assets/js/sizing/pricing.js,95,costRange,errors,validate-early,0.72,getScope,fallback-default,2.02,unhandled-guard,1.4,validate-early,0.89
assets/js/sizing/run.js,375,runSizingCore,security,validate-guard,0.72,runSizingUncached,sink-avoidance,2.96,token-not-in-url,1.19,validate-guard,0.27
assets/js/sizing/ui.js,5345,matrixHtml,security,escape-output,0.72,multiple-sites,sink-avoidance,2.45,token-not-in-url,2.19,fallback-default,2.02
assets/js/sizing/ui.js,7312,renderSelectedBanner,security,escape-output,0.72,signature-itself,unhandled-guard,2.2,token-not-in-url,2.14,escape-output,1.67
tests/consistency.test.mjs,182,stubPowerFetch,security,validate-guard,0.72,match,sink-avoidance,2.97,token-not-in-url,1.79,validate-guard,1.18
tests/consumer-usecases.test.mjs,64,computeDailyKwh,errors,validate-early,0.72,signature-itself,unhandled-guard,1.55,fallback-default,0.99,validate-early,0.69
assets/js/sizing/paths.js,734,installed,errors,validate-early,0.71,signature-itself,unhandled-guard,1.81,validate-early,0.58,propagate-reject,0.1
assets/js/sizing/run.js,656,replCostFor,errors,validate-early,0.71,battMidFor,unhandled-guard,0.64,validate-early,0.58,propagate-reject,0.16
assets/js/sizing/ui.js,1372,billForKwh,errors,validate-early,0.71,fixedDisplay,unhandled-guard,0.93,validate-early,0.85,throw-domain-error,0.35
assets/js/sizing/ui.js,8110,triggerInstall,wiring,return-promise,0.71,signature-itself,guard-clause,2.71,await-chain,2.63,return-promise,1.14
scripts/lib/byte-budgets.mjs,154,initialRequests,security,url-whitelist,0.71,signature-itself,sink-avoidance,2.9,token-not-in-url,1.08,fallback-default,0.87
scripts/smoke/advisor-fallbacks.mjs,71,addEventListener,errors,validate-early,0.71,signature-itself,fallback-default,0.88,validate-early,0.8,unhandled-guard,0.17
tests/polish-pass1.test.mjs,159,addEventListener,errors,validate-early,0.71,signature-itself,state-store,2.15,delegate-up,0.89,validate-early,0.48
assets/js/heatmap.js,257,renderDots,security,escape-output,0.7,multiple-sites,token-not-in-url,2.48,unhandled-guard,2.14,escape-output,1.7
assets/js/sizing/bom.js,83,fuseOverflows,errors,validate-early,0.7,signature-itself,unhandled-guard,0.56,validate-early,0.42,result-object,0.1
assets/js/sizing/charts.js,760,bandFill,errors,validate-early,0.7,colorFor,validate-early,1.03,unhandled-guard,0.76,throw-domain-error,0.31
assets/js/sizing/engine.js,158,arrayEfficiency,errors,validate-early,0.7,signature-itself,fallback-default,1.66,unhandled-guard,1.32,validate-early,0.77
assets/js/sizing/location-picker.js,39,setupCitySearch,security,escape-output,0.7,resolveTypedCity,escape-output,2.36,token-not-in-url,2.22,fallback-default,2.21
assets/js/sizing/parts-csv.js,36,partsListRows,errors,validate-early,0.7,toFixed,fallback-default,2.1,unhandled-guard,1.61,validate-early,0.82
assets/js/sizing/ui.js,6142,updateGenHelper,security,escape-output,0.7,genRateUsd,sink-avoidance,2.96,escape-output,2.84,token-not-in-url,1.89
assets/js/sizing/cities.js,257,setGeocodeFetchImpl,errors,validate-early,0.69,signature-itself,state-store,2.03,delegate-up,1.22,unhandled-guard,0.81
assets/js/sizing/run.js,883,focusFor,errors,validate-early,0.69,multiple-sites,fallback-default,1.27,unhandled-guard,1.03,validate-early,0.98
assets/js/sizing/ui.js,2152,markPrecalcDirty,security,escape-output,0.69,invalidate,unhandled-guard,1.4,token-not-in-url,1.3,fail-closed,0.89
assets/js/sizing/ui.js,7389,refreshSelectionOutputs,security,validate-guard,0.69,multiple-sites,sink-avoidance,2.89,token-not-in-url,1.59,unhandled-guard,1.18
assets/js/turnstile-client.js,257,"""error-callback""",errors,propagate-reject,0.69,finish,fallback-default,0.77,unhandled-guard,0.64,error-boundary,0.32
scripts/lib/gates.mjs,242,headersFor,errors,validate-early,0.69,patternMatches,sink-avoidance,2.86,fallback-default,1.8,token-not-in-url,1.31
tests/cold-start-defects.test.mjs,177,setAttribute,errors,validate-early,0.69,signature-itself,unhandled-guard,0.5,validate-early,0.46,throw-domain-error,0.15
tests/worker-i18n.test.mjs,371,json,errors,propagate-reject,0.69,signature-itself,unhandled-guard,1.77,propagate-reject,0.91,result-object,0.23
worker/index.js,426,_bump,errors,validate-early,0.69,signature-itself,unhandled-guard,1.3,result-object,1.17,validate-early,0.57
assets/js/sizing/ui.js,6142,updateGenHelper,errors,try-catch-local,0.68,genRateUsd,sink-avoidance,2.96,escape-output,2.84,token-not-in-url,1.89
scripts/build-offline-profiles.mjs,15,fetchYear,security,url-whitelist,0.68,fetch,sink-avoidance,2.95,token-not-in-url,2.0,escape-output,0.67
scripts/generate-heatmap-data.mjs,101,nearestProfile,errors,validate-early,0.68,haversineKm,unhandled-guard,1.0,validate-early,0.96,result-object,0.65
tests/worker-showcase.test.mjs,59,memoryD1,errors,propagate-reject,0.68,signature-itself,unhandled-guard,1.83,propagate-reject,0.24,result-object,0.1
worker/usage-ledger.mjs,45,recordUsageEvent,security,validate-guard,0.68,run,sink-avoidance,2.97,validate-guard,2.75,unhandled-guard,2.66
assets/js/shared/simple-view.js,13,push,errors,validate-early,0.67,signature-itself,fallback-default,1.67,unhandled-guard,0.78,validate-early,0.67
assets/js/sizing/location-picker.js,39,setupCitySearch,errors,unhandled-guard,0.67,resolveTypedCity,escape-output,2.36,token-not-in-url,2.22,fallback-default,2.21
assets/js/sizing/paths.js,373,incentivesFor,errors,validate-early,0.67,includes,fallback-default,1.34,validate-early,0.84,unhandled-guard,0.81
assets/js/sizing/ui.js,1107,renderSimpleResults,security,escape-output,0.67,$,escape-output,2.51,token-not-in-url,2.11,unhandled-guard,1.77
assets/js/sizing/ui.js,3540,renderFocusPanel,security,escape-output,0.67,multiple-sites,escape-output,2.62,unhandled-guard,2.04,token-not-in-url,1.8
assets/js/sizing/ui.js,4068,renderBatteryComparison,security,escape-output,0.67,signature-itself,fallback-default,2.6,token-not-in-url,2.3,unhandled-guard,1.91
assets/js/sizing/ui.js,4806,renderBestPick,security,escape-output,0.67,$,token-not-in-url,2.06,unhandled-guard,1.99,fallback-default,1.87
scripts/check-staging-drift.mjs,29,check,errors,result-object,0.67,signature-itself,fallback-default,2.02,unhandled-guard,0.9,promise-allsettled,0.45
scripts/serve-static.mjs,91,applyPolicy,security,validate-guard,0.67,signature-itself,sink-avoidance,2.87,token-not-in-url,1.48,unhandled-guard,1.35
scripts/smoke/a11y.js,170,contrastFailures,errors,try-catch-local,0.67,effectiveBg,result-object,1.22,unhandled-guard,0.9,validate-early,0.59
tests/consumer-usecases.test.mjs,388,onSizeMySystemClick,errors,unhandled-guard,0.67,triggerRun,unhandled-guard,0.6,validate-early,0.05,result-object,0.04
tests/worker-showcase.test.mjs,245,lateStart,errors,validate-early,0.67,signature-itself,unhandled-guard,0.83,validate-early,0.57,fallback-default,0.03
assets/js/sizing/climate.js,97,climateSummary,errors,validate-early,0.66,multiple-sites,fallback-default,1.25,unhandled-guard,1.18,validate-early,0.9
assets/js/sizing/tilt-harvest.js,61,annualYieldIndex,errors,validate-early,0.66,signature-itself,fallback-default,1.22,validate-early,0.85,unhandled-guard,0.82
assets/js/sizing/ui.js,1691,refresh,security,validate-guard,0.66,multiple-sites,sink-avoidance,2.97,escape-output,2.9,unhandled-guard,2.01
assets/js/sizing/ui.js,6237,selectCard,errors,error-boundary,0.66,multiple-sites,unhandled-guard,1.25,validate-early,0.13,fallback-default,0.06
assets/js/sizing/ui.js,6566,appendRows,errors,validate-early,0.66,multiple-sites,unhandled-guard,1.47,validate-early,0.75,fallback-default,0.06
scripts/lib/jev-complete.mjs,403,validateCompletePack,security,validate-guard,0.66,includes,sink-avoidance,2.97,fail-closed,2.92,validate-guard,2.85
scripts/smoke/performance.mjs,319,describe,errors,validate-early,0.66,test,unhandled-guard,0.87,result-object,0.33,validate-early,0.33
tests/turnstile-client-lifecycle.test.mjs,155,doc.head.appendChild,security,validate-guard,0.66,onload,sink-avoidance,1.98,delegate-up,1.27,return-promise,0.93
tests/turnstile-client-lifecycle.test.mjs,208,doc.head.appendChild,security,validate-guard,0.66,onload,sink-avoidance,1.74,token-not-in-url,0.92,escape-output,0.79
assets/js/sizing/frontier.js,105,sweepSystems,errors,validate-early,0.65,multiple-sites,fallback-default,2.42,unhandled-guard,1.4,validate-early,0.76
scripts/smoke/advisor-fallbacks.mjs,74,removeEventListener,wiring,listener-cleanup,0.65,signature-itself,listener-cleanup,1.75,abort-signal,0.63,delegate-up,0.4
tests/cities.test.mjs,436,typedCityCandidatesWith,security,validate-guard,0.65,signature-itself,sink-avoidance,2.97,token-not-in-url,1.39,escape-output,0.25
tests/cities.test.mjs,493,dispatch,errors,catch-log-rethrow,0.65,f,fallback-default,1.86,unhandled-guard,0.79,validate-early,0.55
tests/location-picker.test.mjs,423,getCurrentPosition,errors,propagate-reject,0.65,signature-itself,unhandled-guard,1.24,validate-early,0.39,result-object,0.26
tests/nasa-timeout.test.mjs,38,stub,security,validate-guard,0.65,match,sink-avoidance,2.97,token-not-in-url,1.72,fail-closed,1.1
assets/js/sizing/frontier-chart.js,640,renderFrontierTable,security,escape-output,0.64,multiple-sites,fallback-default,2.29,token-not-in-url,2.14,escape-output,1.81
assets/js/sizing/frontier.js,354,classifyReach,errors,validate-early,0.64,multiple-sites,fallback-default,2.29,result-object,1.71,unhandled-guard,1.14
assets/js/sizing/ui.js,6218,renderTierCards,errors,error-boundary,0.64,multiple-sites,token-not-in-url,2.33,escape-output,2.24,unhandled-guard,1.81
scripts/validate-jsonld.mjs,63,walk,wiring,state-store,0.64,push,guard-clause,1.37,split-function,0.92,unhandled-guard,0.75
tests/worker.test.mjs,332,globalThis.fetch,errors,propagate-reject,0.64,parse,unhandled-guard,1.42,validate-early,1.02,propagate-reject,0.26
assets/js/chat.js,597,toggleIntakeMode,wiring,state-store,0.63,getElementById,guard-clause,2.57,split-function,1.39,delegate-up,0.64
assets/js/sizing/engine.js,1457,at,errors,validate-early,0.63,signature-itself,fallback-default,0.87,unhandled-guard,0.45,validate-early,0.4
assets/js/sizing/paths.js,924,finish,errors,validate-early,0.63,breakEvenYear,unhandled-guard,1.55,fallback-default,1.24,result-object,0.52
assets/js/sizing/paths.js,992,leasePaymentsOf,errors,validate-early,0.63,multiple-sites,unhandled-guard,1.18,validate-early,0.56,propagate-reject,0.1
assets/js/sizing/ui.js,6102,usesImperialUnits,errors,validate-early,0.63,isImperialLocation,unhandled-guard,0.79,validate-early,0.65,result-object,0.49
scripts/check-privacy.mjs,155,json,wiring,return-promise,0.63,signature-itself,return-promise,1.5,await-chain,1.18,delegate-up,0.18
scripts/lib/quality-matrix.mjs,90,match,errors,no-change,0.63,signature-itself,validate-early,0.18,unhandled-guard,0.15,propagate-reject,0.11
scripts/lib/ruleset.mjs,31,desiredRuleset,errors,no-change,0.63,map,fallback-default,2.2,unhandled-guard,0.8,result-object,0.26
scripts/lib/visual-budgets.mjs,203,visualVerdict,errors,validate-early,0.63,multiple-sites,result-object,2.15,unhandled-guard,0.88,validate-early,0.25
scripts/serve-static.mjs,192,cliArgs,errors,validate-early,0.63,Number,unhandled-guard,1.37,result-object,0.67,validate-early,0.45
scripts/smoke/advisor-fallbacks.mjs,56,removeAttribute,errors,validate-early,0.63,signature-itself,unhandled-guard,0.78,validate-early,0.44,throw-domain-error,0.15
tests/map-feature.test.mjs,87,addTo,wiring,return-promise,0.63,signature-itself,callback-param,0.15,state-store,0.12,delegate-up,0.1
assets/js/sizing/ui.js,6218,renderTierCards,security,escape-output,0.62,multiple-sites,token-not-in-url,2.33,escape-output,2.24,unhandled-guard,1.81
scripts/lib/quality-matrix.mjs,242,compareCells,errors,validate-early,0.62,signature-itself,fallback-default,1.85,result-object,1.41,unhandled-guard,1.19
tests/formatting.test.mjs,173,mkdir,wiring,return-promise,0.62,signature-itself,callback-param,0.98,return-promise,0.88,guard-clause,0.21
tests/map-feature.test.mjs,38,drawRectangle,errors,validate-early,0.62,signature-itself,unhandled-guard,1.49,result-object,0.35,validate-early,0.26
tests/polish-pass1.test.mjs,89,json,wiring,return-promise,0.62,signature-itself,return-promise,2.16,await-chain,0.63,delegate-up,0.2
assets/js/sizing/nasa.js,275,v2Key,errors,validate-early,0.61,cacheKey,unhandled-guard,1.16,propagate-reject,0.27,validate-early,0.11
assets/js/sizing/pricing.js,131,fullRange,errors,validate-early,0.61,costRange,fallback-default,2.17,unhandled-guard,1.12,validate-early,0.81
scripts/run-tests.mjs,111,tee,errors,propagate-reject,0.61,signature-itself,unhandled-guard,0.76,validate-early,0.3,propagate-reject,0.24
tests/consistency.test.mjs,311,moneyEntries,errors,validate-early,0.61,multiple-sites,unhandled-guard,1.63,fallback-default,1.3,validate-early,0.91
tests/resilience-facet.test.mjs,223,patch,errors,propagate-reject,0.61,withField,unhandled-guard,1.05,propagate-reject,0.38,result-object,0.16
tests/turnstile-client-lifecycle.test.mjs,178,doc.head.appendChild,security,validate-guard,0.61,onload,sink-avoidance,2.07,delegate-up,1.3,return-promise,1.11
tests/worker.test.mjs,359,json,errors,propagate-reject,0.61,signature-itself,unhandled-guard,2.46,result-object,0.4,propagate-reject,0.23
assets/js/sizing/charts.js,236,Y,errors,validate-early,0.6,multiple-sites,unhandled-guard,0.81,validate-early,0.16,fallback-default,0.01
assets/js/sizing/nasa.js,293,currentYearWindow,errors,validate-early,0.6,signature-itself,unhandled-guard,0.75,validate-early,0.69,throw-domain-error,0.27
scripts/cf-provision-check.mjs,54,checkProvisioning,errors,validate-early,0.6,signature-itself,unhandled-guard,1.2,result-object,1.18,validate-early,0.63
scripts/lib/byte-budgets.mjs,137,resolveRelative,errors,validate-early,0.6,signature-itself,sink-avoidance,2.97,validate-guard,1.56,token-not-in-url,1.53
scripts/lib/byte-budgets.mjs,137,resolveRelative,security,validate-guard,0.6,signature-itself,sink-avoidance,2.97,validate-guard,1.56,token-not-in-url,1.53
scripts/lib/jev-report-print.mjs,35,scopeOf,errors,validate-early,0.6,has,fallback-default,0.98,validate-early,0.41,try-catch-local,0.19
scripts/smoke/advisor-fallbacks.mjs,75,click,errors,try-catch-local,0.6,fn,event-emitter,1.93,fallback-default,1.48,delegate-up,0.9
scripts/unstick-queued-runs.mjs,65,api,security,url-whitelist,0.6,signature-itself,sink-avoidance,2.97,token-not-in-url,2.85,fail-closed,1.3
tests/weather-persistence.test.mjs,97,makeCachesMock,security,validate-guard,0.6,cacheKey,sink-avoidance,2.96,fallback-default,1.96,unhandled-guard,1.38
assets/js/sizing/ui.js,2152,markPrecalcDirty,errors,try-catch-local,0.59,invalidate,unhandled-guard,1.4,token-not-in-url,1.3,fail-closed,0.89
assets/js/sizing/ui.js,2434,closeMap,errors,try-catch-local,0.59,multiple-sites,unhandled-guard,1.67,fallback-default,0.68,try-catch-local,0.08
assets/js/sizing/ui.js,3451,previewCurvePoint,errors,error-boundary,0.59,multiple-sites,sink-avoidance,2.9,token-not-in-url,1.43,fallback-default,0.97
scripts/lib/api-target.mjs,40,apiTarget,security,url-whitelist,0.59,URL,sink-avoidance,2.92,validate-guard,2.69,fail-closed,2.67
scripts/lib/gates.mjs,175,resolveHref,security,url-whitelist,0.59,signature-itself,sink-avoidance,2.95,token-not-in-url,0.42,fail-closed,0.11
scripts/lib/jev-complete.mjs,656,heuristicFacetLevels,errors,validate-early,0.59,validateCompletePack,fallback-default,2.2,validate-early,2.07,unhandled-guard,1.5
scripts/smoke/advisor-fallbacks.mjs,261,json,errors,propagate-reject,0.59,signature-itself,unhandled-guard,1.79,propagate-reject,1.67,result-object,0.37
tests/worker.test.mjs,420,json,errors,propagate-reject,0.59,signature-itself,unhandled-guard,2.46,result-object,0.44,try-catch-local,0.34
assets/js/shared/jargon-dict.js,191,explainElement,security,escape-output,0.58,jargonEntry,sink-avoidance,2.9,escape-output,2.12,validate-guard,1.69
assets/js/sizing/climate.js,37,soilingFactor,errors,validate-early,0.58,climateClass,fallback-default,1.29,validate-early,0.81,unhandled-guard,0.66
assets/js/sizing/frontier.js,279,findKnee,errors,validate-early,0.58,signature-itself,result-object,1.22,unhandled-guard,1.04,validate-early,0.99
tests/cities.test.mjs,497,querySelectorAll,wiring,delegate-up,0.58,signature-itself,guard-clause,0.23,delegate-up,0.12,await-chain,0.03
assets/js/sizing/cities.js,122,searchCities,errors,validate-early,0.57,normalizeCityQuery,fallback-default,1.73,validate-early,0.88,unhandled-guard,0.85
assets/js/sizing/engine.js,696,lifetimeObjective,errors,validate-early,0.57,lifetimeCostUsd,unhandled-guard,1.2,validate-early,0.9,result-object,0.81
assets/js/sizing/frontier.js,491,lifetimeOf,errors,validate-early,0.57,lifetimeCostUsd,unhandled-guard,1.41,validate-early,0.78,result-object,0.67
assets/js/sizing/rescale.js,293,sameSiteOptions,errors,validate-early,0.57,stringify,fallback-default,1.96,unhandled-guard,0.93,validate-early,0.88
assets/js/sizing/ui.js,462,el,errors,validate-early,0.57,signature-itself,fallback-default,1.57,unhandled-guard,0.83,validate-early,0.45
assets/js/sizing/ui.js,1291,updateAutoRows,errors,try-catch-local,0.57,$,sink-avoidance,2.97,escape-output,2.07,unhandled-guard,1.77
assets/js/sizing/ui.js,4401,tierPvKw,errors,validate-early,0.57,round,fallback-default,1.25,unhandled-guard,0.61,validate-early,0.18
assets/js/sizing/usecases.js,314,isUseCaseId,errors,validate-early,0.57,call,validate-early,0.64,unhandled-guard,0.49,result-object,0.07
assets/js/sizing/wizard.js,36,setValue,errors,validate-early,0.57,signature-itself,unhandled-guard,1.27,result-object,0.33,validate-early,0.16
scripts/check-a11y-matrix.mjs,74,summaryLines,errors,validate-early,0.57,signature-itself,unhandled-guard,0.87,validate-early,0.4,fallback-default,0.12
sw.js,87,serveFresh,wiring,await-chain,0.57,cacheOp,guard-clause,2.67,delegate-up,1.36,split-function,1.24
tests/ci-resilience.test.mjs,705,sleep,errors,propagate-reject,0.57,signature-itself,unhandled-guard,1.19,validate-early,0.54,propagate-reject,0.26
tests/cold-start-preflight.test.mjs,77,doFetch,wiring,return-promise,0.57,Error,await-chain,1.72,return-promise,1.65,guard-clause,0.04
tests/weather-persistence.test.mjs,49,open,errors,propagate-reject,0.57,signature-itself,fallback-default,1.48,unhandled-guard,1.4,result-object,0.82
assets/js/sizing/ui.js,1107,renderSimpleResults,errors,error-boundary,0.56,$,escape-output,2.51,token-not-in-url,2.11,unhandled-guard,1.77
assets/js/sizing/ui.js,1554,renderAppliances,security,escape-output,0.56,$,escape-output,2.43,token-not-in-url,2.16,unhandled-guard,2.03
scripts/smoke/advisor-fallbacks.mjs,59,appendChild,errors,validate-early,0.56,signature-itself,validate-early,0.52,throw-domain-error,0.27,unhandled-guard,0.11
tests/frontier.test.mjs,819,adoptBase,errors,validate-early,0.56,signature-itself,unhandled-guard,1.1,fallback-default,0.63,validate-early,0.31
tests/smoke-advisor.test.mjs,87,navigate,errors,propagate-reject,0.56,signature-itself,unhandled-guard,1.8,propagate-reject,0.36,result-object,0.09
assets/js/sizing/charts.js,855,swatch,errors,validate-early,0.55,el,unhandled-guard,0.77,validate-early,0.43,try-catch-local,0.04
assets/js/sizing/pricing.js,81,battRangeFor,errors,validate-early,0.55,signature-itself,fallback-default,1.11,validate-early,0.89,unhandled-guard,0.84
assets/js/sizing/ui.js,3540,renderFocusPanel,errors,error-boundary,0.55,multiple-sites,escape-output,2.62,unhandled-guard,2.04,token-not-in-url,1.8
scripts/smoke/advisor-fallbacks.mjs,121,createTextNode,errors,validate-early,0.55,signature-itself,validate-early,0.29,result-object,0.16,propagate-reject,0.09
scripts/smoke/results.js,24,runResultsFlow,security,sink-avoidance,0.55,evaluate,split-function,2.57,await-chain,2.34,token-not-in-url,2.15
tests/consumer-usecases.test.mjs,126,fakeAdoptFrontierPoint,errors,validate-early,0.55,signature-itself,unhandled-guard,1.51,fallback-default,1.16,split-function,0.61
tests/jargon-lint.test.mjs,125,init,wiring,return-promise,0.55,signature-itself,return-promise,2.01,await-chain,1.8,delegate-up,0.23
tests/persona-matrix.test.mjs,51,selectedSystem,errors,validate-early,0.55,find,fallback-default,1.32,unhandled-guard,0.76,validate-early,0.75
tests/worker.test.mjs,415,json,wiring,return-promise,0.55,signature-itself,return-promise,1.91,await-chain,1.49,listener-cleanup,0.15
assets/js/sizing/engine.js,153,tempFactor,errors,validate-early,0.54,cellTemp,fallback-default,0.87,unhandled-guard,0.46,validate-early,0.36
assets/js/sizing/nasa.js,371,fetchHourlyCached,security,validate-guard,0.54,multiple-sites,sink-avoidance,2.93,try-catch-local,2.91,unhandled-guard,2.54
assets/js/sizing/ui.js,2181,setCoords,errors,validate-early,0.54,resolveRegionCountry,sink-avoidance,2.93,escape-output,2.83,split-function,2.62
assets/js/sizing/ui.js,5059,band,errors,validate-early,0.54,multiple-sites,sink-avoidance,2.97,unhandled-guard,0.75,propagate-reject,0.55
assets/js/sizing/ui.js,6379,renderTargetCards,errors,error-boundary,0.54,multiple-sites,fallback-default,1.95,unhandled-guard,1.68,validate-early,0.9
scripts/check-byte-budgets.mjs,237,verdictOf,errors,validate-early,0.54,multiple-sites,unhandled-guard,1.26,result-object,0.97,fallback-default,0.53
scripts/lib/jev-complete.mjs,900,mergeEvidence,errors,validate-early,0.54,signature-itself,fallback-default,2.32,unhandled-guard,1.43,validate-early,0.88
scripts/smoke/advisor-fallbacks.mjs,209,fetch,security,validate-guard,0.54,signature-itself,sink-avoidance,2.67,return-promise,2.12,delegate-up,1.37
tests/location-picker.test.mjs,145,getElementById,wiring,delegate-up,0.54,signature-itself,guard-clause,0.32,delegate-up,0.22,state-store,0.07
assets/js/sizing/charts.js,132,drawSocChart,errors,validate-early,0.53,$,sink-avoidance,2.96,guard-clause,2.57,escape-output,2.38
assets/js/sizing/charts.js,914,D,errors,validate-early,0.53,signature-itself,fallback-default,1.03,unhandled-guard,0.97,try-catch-local,0.3
assets/js/sizing/map-provider.js,156,init,security,fail-closed,0.53,signature-itself,sink-avoidance,2.93,token-not-in-url,2.54,fail-closed,2.53
assets/js/sizing/ui.js,714,setupSimpleMode,errors,try-catch-local,0.53,getElementById,sink-avoidance,2.97,unhandled-guard,2.15,escape-output,1.8
assets/js/sizing/ui.js,1554,renderAppliances,errors,error-boundary,0.53,$,escape-output,2.43,token-not-in-url,2.16,unhandled-guard,2.03
assets/js/sizing/ui.js,3510,renderPlayReadout,errors,try-catch-local,0.53,$,unhandled-guard,1.18,validate-early,1.02,fallback-default,0.94
assets/js/sizing/ui.js,5154,sel.onchange,errors,error-boundary,0.53,renderPathSurfaces,unhandled-guard,1.38,fallback-default,0.87,validate-early,0.36
scripts/lib/base-url.mjs,11,normalizeBase,security,validate-guard,0.53,URL,sink-avoidance,2.92,try-catch-local,2.81,fallback-default,1.14
scripts/lib/visual-budgets.mjs,170,classifySnapshot,errors,validate-early,0.53,signature-itself,result-object,1.97,fallback-default,1.76,unhandled-guard,1.57
tests/cold-start-defects.test.mjs,55,postChat,security,least-privilege-fetch,0.53,fetch,sink-avoidance,2.92,token-not-in-url,1.92,least-privilege-fetch,0.9
tests/location-picker.test.mjs,306,enter,wiring,delegate-up,0.53,dispatch,delegate-up,1.32,unhandled-guard,1.26,event-emitter,1.0
tests/offline.test.mjs,81,globalThis.fetch,wiring,return-promise,0.53,signature-itself,return-promise,1.46,await-chain,1.33,delegate-up,0.14
tests/turnstile-client-lifecycle.test.mjs,178,doc.head.appendChild,errors,catch-log-rethrow,0.53,onload,sink-avoidance,2.07,delegate-up,1.3,return-promise,1.11
assets/js/chat.js,880,setupEventListeners,wiring,delegate-up,0.52,click,split-function,2.41,delegate-up,1.78,guard-clause,0.65
assets/js/sizing/run.js,112,bestPickReason,errors,validate-early,0.52,reduce,fallback-default,1.67,unhandled-guard,1.41,validate-early,1.02
assets/js/sizing/ui.js,4361,renderRelativeOptions,errors,error-boundary,0.52,fmtDelta,fallback-default,2.5,token-not-in-url,2.07,unhandled-guard,1.51
assets/js/sizing/ui.js,8014,setFeedback,wiring,listener-cleanup,0.52,setTimeout,guard-clause,1.82,split-function,1.0,delegate-up,0.73
assets/js/sizing/validate.js,106,resetJevHealthForTest,errors,try-catch-local,0.52,clear,unhandled-guard,1.87,result-object,0.07,validate-early,0.04
scripts/check-visual.mjs,137,i.onerror,wiring,return-promise,0.52,rej,delegate-up,1.32,callback-param,0.69,return-promise,0.45
scripts/lib/worker-bridge.mjs,138,passThroughOnException,wiring,return-promise,0.52,signature-itself,propagate-reject,0.49,unhandled-guard,0.48,return-promise,0.33
tests/jev-sanitize.test.mjs,422,fetch,errors,propagate-reject,0.52,signature-itself,unhandled-guard,1.86,propagate-reject,0.24,result-object,0.19
tests/smoke-advisor.test.mjs,98,failed,errors,validate-early,0.52,signature-itself,unhandled-guard,0.7,result-object,0.59,validate-early,0.29
assets/js/sizing/location-picker.js,104,reset,errors,try-catch-local,0.51,multiple-sites,escape-output,2.05,unhandled-guard,1.46,token-not-in-url,0.85
assets/js/sizing/ui.js,690,toggleExplanation,errors,validate-early,0.51,multiple-sites,unhandled-guard,1.0,fallback-default,0.43,validate-early,0.33
assets/js/sizing/ui.js,1291,updateAutoRows,security,validate-guard,0.51,$,sink-avoidance,2.97,escape-output,2.07,unhandled-guard,1.77
scripts/smoke/gridtie.js,7,runGridTieFlow,wiring,worker-postmessage,0.51,evaluate,split-function,2.74,worker-postmessage,2.63,await-chain,2.46
scripts/smoke/runtime.mjs,215,evaluate,security,validate-guard,0.51,send,sink-avoidance,1.55,token-not-in-url,1.39,fail-closed,0.74
tests/jev-derived-facets.test.mjs,225,buildWith,errors,result-object,0.51,spawnSync,unhandled-guard,2.3,result-object,1.66,propagate-reject,0.51
tests/weather-persistence.test.mjs,97,makeCachesMock,errors,propagate-reject,0.51,cacheKey,sink-avoidance,2.96,fallback-default,1.96,unhandled-guard,1.38
worker/index.js,457,resetRateLimitsForTest,errors,try-catch-local,0.51,multiple-sites,unhandled-guard,1.6,result-object,0.12,fallback-default,0.07
assets/js/shared/interpolate.js,17,pickString,errors,validate-early,0.5,signature-itself,fallback-default,1.54,unhandled-guard,0.61,validate-early,0.37
assets/js/sizing/climate.js,11,climateClass,errors,validate-early,0.5,signature-itself,fallback-default,1.98,validate-early,0.81,unhandled-guard,0.79
assets/js/sizing/frontier-chart.js,24,chartBox,errors,validate-early,0.5,clamp,fallback-default,2.25,unhandled-guard,1.19,validate-early,0.64
assets/js/sizing/paths.js,819,hardware,errors,validate-early,0.5,signature-itself,unhandled-guard,0.92,validate-early,0.76,propagate-reject,0.12
assets/js/sizing/run.js,207,autoNoteFor,errors,validate-early,0.5,map,validate-early,0.9,unhandled-guard,0.68,fallback-default,0.63
assets/js/sizing/ui.js,5231,renderEli5Card,errors,error-boundary,0.5,multiple-sites,sink-avoidance,2.96,escape-output,2.46,fallback-default,1.99
scripts/lib/byte-budgets.mjs,314,metric,errors,result-object,0.5,signature-itself,unhandled-guard,1.36,result-object,1.3,fallback-default,0.88
scripts/smoke/performance.mjs,313,median,errors,validate-early,0.5,signature-itself,fallback-default,1.03,result-object,0.71,unhandled-guard,0.58
tests/quality-evidence.test.mjs,35,freshDoc,errors,validate-early,0.5,signature-itself,fallback-default,1.47,unhandled-guard,1.45,result-object,0.3
tests/turnstile-client-lifecycle.test.mjs,72,appendChild,errors,validate-early,0.5,signature-itself,validate-early,0.6,unhandled-guard,0.16,propagate-reject,0.11
assets/js/sizing/money.js,79,lifetimeCostUsd,errors,validate-early,0.49,laborMidPerKwh,fallback-default,1.85,unhandled-guard,1.37,validate-early,1.23
assets/js/sizing/run.js,758,socBand,errors,validate-early,0.49,dailyExtremes,unhandled-guard,1.33,fallback-default,1.25,result-object,1.06
assets/js/sizing/ui.js,657,applySimpleMode,security,escape-output,0.49,remove,fallback-default,2.0,token-not-in-url,1.96,unhandled-guard,1.78
assets/js/sizing/ui.js,782,catalogueKwh,errors,validate-early,0.49,$,unhandled-guard,1.07,validate-early,0.62,fallback-default,0.34
assets/js/sizing/ui.js,2335,applyEstimatedTariff,errors,try-catch-local,0.49,el,sink-avoidance,2.95,fallback-default,2.65,escape-output,2.63
assets/js/sizing/ui.js,6777,onSelect,errors,unhandled-guard,0.49,adoptFrontierPoint,unhandled-guard,0.59,propagate-reject,0.16,validate-early,0.15
assets/js/sizing/ui.js,8103,setupPwaControls,security,escape-output,0.49,$,token-not-in-url,2.19,unhandled-guard,1.8,escape-output,1.58
scripts/lib/lighthouse-budgets.mjs,705,compareSpeed,errors,validate-early,0.49,signature-itself,unhandled-guard,1.48,validate-early,0.83,result-object,0.34
tests/experience-facet.test.mjs,43,goodAction,errors,throw-domain-error,0.49,find,unhandled-guard,1.86,result-object,0.58,validate-early,0.26
assets/js/sizing/ui.js,1478,repaintRuntimeCopy,security,escape-output,0.48,renderResults,sink-avoidance,2.74,token-not-in-url,0.98,unhandled-guard,0.6
assets/js/sizing/ui.js,7705,populatePrintSheet,errors,try-catch-local,0.48,footprintText,fallback-default,2.37,token-not-in-url,2.17,sink-avoidance,1.2
tests/gate-self-audit.test.mjs,1387,HEALTHY_READING,errors,result-object,0.48,signature-itself,unhandled-guard,2.19,result-object,1.52,error-boundary,0.12
tests/jev-report-print.test.mjs,31,facets,errors,no-change,0.48,multiple-sites,validate-early,0.7,unhandled-guard,0.69,fallback-default,0.38
tests/turnstile-client-lifecycle.test.mjs,116,asyncApi,errors,propagate-reject,0.48,signature-itself,unhandled-guard,1.32,result-object,0.22,validate-early,0.09
tests/weather-persistence.test.mjs,68,get,errors,propagate-reject,0.48,signature-itself,unhandled-guard,1.24,fallback-default,1.17,result-object,0.66
tests/worker.test.mjs,18,chatReq,security,validate-guard,0.48,signature-itself,sink-avoidance,2.91,token-not-in-url,2.03,least-privilege-fetch,1.0
assets/js/sizing/bom.js,252,buildBom,errors,validate-early,0.47,multiple-sites,fallback-default,2.53,unhandled-guard,1.92,result-object,1.02
assets/js/sizing/nasa.js,38,fetchHourlySeries,security,url-whitelist,0.47,all,sink-avoidance,2.97,token-not-in-url,2.5,least-privilege-fetch,0.84
assets/js/sizing/ui.js,1307,setLoadPanel,errors,try-catch-local,0.47,$,sink-avoidance,2.95,escape-output,2.38,token-not-in-url,1.77
assets/js/sizing/ui.js,1691,refresh,errors,try-catch-local,0.47,multiple-sites,sink-avoidance,2.97,escape-output,2.9,unhandled-guard,2.01
assets/js/sizing/ui.js,5089,renderPathsSection,security,sink-avoidance,0.47,describePaths,escape-output,2.25,token-not-in-url,2.02,unhandled-guard,1.73
assets/js/sizing/ui.js,7389,refreshSelectionOutputs,errors,error-boundary,0.47,multiple-sites,sink-avoidance,2.89,token-not-in-url,1.59,unhandled-guard,1.18
scripts/build-city-pages.mjs,144,cityPage,errors,validate-early,0.47,signature-itself,unhandled-guard,2.16,validate-early,0.32,result-object,0.17
scripts/lib/jev-complete.mjs,691,matchCompleteKeywords,errors,validate-early,0.47,validateCompletePack,validate-early,2.14,result-object,1.65,unhandled-guard,1.32
scripts/lib/lighthouse-budgets.mjs,549,fitFacetLine,errors,validate-early,0.47,signature-itself,try-catch-local,1.6,fallback-default,1.32,unhandled-guard,0.69
scripts/lib/worker-bridge.mjs,138,passThroughOnException,errors,catch-log-rethrow,0.47,signature-itself,propagate-reject,0.49,unhandled-guard,0.48,return-promise,0.33
scripts/smoke/advisor-fallbacks.mjs,209,fetch,errors,propagate-reject,0.47,signature-itself,sink-avoidance,2.67,return-promise,2.12,delegate-up,1.37
scripts/smoke/privacy.mjs,93,urls,errors,validate-early,0.47,signature-itself,unhandled-guard,0.81,validate-early,0.41,fallback-default,0.08
tests/map-feature.test.mjs,79,off,wiring,listener-cleanup,0.47,signature-itself,unhandled-guard,1.21,listener-cleanup,0.36,validate-early,0.18
tests/polish-pass1.test.mjs,172,createElement,errors,validate-early,0.47,signature-itself,unhandled-guard,0.54,validate-early,0.34,fallback-default,0.3
tests/weather-persistence.test.mjs,135,runFetch,security,validate-guard,0.47,fetchHourlyCached,sink-avoidance,2.82,token-not-in-url,1.8,escape-output,0.65
assets/js/chat.js,210,window.scrollToCalc,errors,try-catch-local,0.46,scrollBehavior,sink-avoidance,2.9,guard-clause,2.07,escape-output,1.18
assets/js/sizing/charts.js,17,initCharts,errors,validate-early,0.46,signature-itself,unhandled-guard,1.55,validate-early,0.16,propagate-reject,0.1
assets/js/sizing/cities.js,206,formatCityLabel,errors,validate-early,0.46,usStateCode,fallback-default,1.37,unhandled-guard,0.96,validate-early,0.88
assets/js/sizing/frontier.js,305,costPerPoint,errors,validate-early,0.46,signature-itself,result-object,1.52,validate-early,0.86,unhandled-guard,0.72
assets/js/sizing/ui.js,1478,repaintRuntimeCopy,errors,error-boundary,0.46,renderResults,sink-avoidance,2.74,token-not-in-url,0.98,unhandled-guard,0.6
assets/js/sizing/ui.js,5442,renderMatrix,errors,try-catch-local,0.46,$,unhandled-guard,0.88,fallback-default,0.8,validate-early,0.72
assets/js/sizing/ui.js,7312,renderSelectedBanner,errors,error-boundary,0.46,signature-itself,unhandled-guard,2.2,token-not-in-url,2.14,escape-output,1.67
scripts/lib/performance-budgets.mjs,253,timing,errors,validate-early,0.46,signature-itself,unhandled-guard,1.16,validate-early,1.14,error-boundary,0.59
scripts/smoke/advisor-fallbacks.mjs,75,click,wiring,event-emitter,0.46,fn,event-emitter,1.93,fallback-default,1.48,delegate-up,0.9
scripts/smoke/advisor-fallbacks.mjs,139,removeEventListener,wiring,listener-cleanup,0.46,signature-itself,listener-cleanup,1.78,validate-early,0.99,throw-domain-error,0.79
scripts/smoke/jev.js,284,setMode,security,escape-output,0.46,multiple-sites,sink-avoidance,2.17,token-not-in-url,1.41,unhandled-guard,1.2
tests/gate-self-audit.test.mjs,179,healthyPlay,errors,result-object,0.46,signature-itself,unhandled-guard,2.31,fallback-default,1.65,result-object,1.49
tests/performance-playtest.test.mjs,277,patch,errors,propagate-reject,0.46,withField,unhandled-guard,1.32,fallback-default,0.72,propagate-reject,0.5
tests/turnstile-client-lifecycle.test.mjs,90,src,errors,no-change,0.46,multiple-sites,unhandled-guard,0.83,propagate-reject,0.17,validate-early,0.03
tests/turnstile-client-lifecycle.test.mjs,208,doc.head.appendChild,errors,catch-log-rethrow,0.46,onload,sink-avoidance,1.74,token-not-in-url,0.92,escape-output,0.79
assets/js/chat.js,210,window.scrollToCalc,wiring,guard-clause,0.45,scrollBehavior,sink-avoidance,2.9,guard-clause,2.07,escape-output,1.18
assets/js/sizing/ui.js,828,applyUseCase,errors,try-catch-local,0.45,useCase,sink-avoidance,2.93,escape-output,2.76,fallback-default,2.51
assets/js/sizing/ui.js,3284,syncToBill,errors,try-catch-local,0.45,multiple-sites,sink-avoidance,2.94,escape-output,2.78,token-not-in-url,1.82
assets/js/sizing/ui.js,4806,renderBestPick,errors,error-boundary,0.45,$,token-not-in-url,2.06,unhandled-guard,1.99,fallback-default,1.87
assets/js/sizing/ui.js,6184,renderMoneyBar,security,escape-output,0.45,resolveSelected,sink-avoidance,2.95,escape-output,2.92,unhandled-guard,2.05
assets/js/turnstile-client.js,254,"""expired-callback""",errors,propagate-reject,0.45,finish,unhandled-guard,0.69,fallback-default,0.39,propagate-reject,0.15
scripts/build-city-pages.mjs,461,hubPage,errors,validate-early,0.45,slugify,unhandled-guard,2.16,fallback-default,1.04,validate-early,0.45
scripts/cold-start-preflight.mjs,238,parseArgs,errors,validate-early,0.45,signature-itself,unhandled-guard,1.31,fallback-default,0.79,validate-early,0.59
scripts/smoke/advisor-fallbacks.mjs,137,querySelectorAll,wiring,delegate-up,0.45,signature-itself,delegate-up,0.2,guard-clause,0.16,await-chain,0.07
tests/map-feature.test.mjs,79,off,errors,validate-early,0.45,signature-itself,unhandled-guard,1.21,listener-cleanup,0.36,validate-early,0.18
tests/map-feature.test.mjs,92,querySelector,wiring,delegate-up,0.45,signature-itself,guard-clause,0.25,delegate-up,0.19,return-promise,0.08
tests/worker-showcase.test.mjs,463,createElement,errors,validate-early,0.45,signature-itself,unhandled-guard,0.55,validate-early,0.42,result-object,0.09
worker/index.js,436,checkRateLimit,security,validate-guard,0.45,_bump,sink-avoidance,2.98,fail-closed,2.44,token-not-in-url,1.7
assets/js/heatmap.js,210,updateLegend,security,escape-output,0.44,multiple-sites,escape-output,1.57,token-not-in-url,1.49,unhandled-guard,1.4
assets/js/sizing/charts.js,132,drawSocChart,wiring,state-store,0.44,$,sink-avoidance,2.96,guard-clause,2.57,escape-output,2.38
assets/js/sizing/climate.js,42,thermalBatteryFactor,errors,validate-early,0.44,signature-itself,fallback-default,1.48,unhandled-guard,1.27,result-object,1.08
assets/js/sizing/paths.js,725,priceOne,errors,result-object,0.44,multiple-sites,fallback-default,1.92,result-object,1.56,unhandled-guard,1.24
assets/js/sizing/paths.js,1068,describePaths,errors,validate-early,0.44,tr,fallback-default,1.97,unhandled-guard,1.44,validate-early,1.07
assets/js/sizing/ui.js,5089,renderPathsSection,errors,error-boundary,0.44,describePaths,escape-output,2.25,token-not-in-url,2.02,unhandled-guard,1.73
assets/js/sizing/ui.js,6120,updateFuelUnits,errors,try-catch-local,0.44,multiple-sites,unhandled-guard,2.06,fallback-default,1.5,try-catch-local,0.28
scripts/lib/gates.mjs,116,skipElement,wiring,guard-clause,0.44,signature-itself,guard-clause,1.53,split-function,1.04,delegate-up,0.52
scripts/live-sanity.mjs,4,check,errors,result-object,0.44,signature-itself,unhandled-guard,0.85,result-object,0.21,error-boundary,0.08
scripts/smoke/a11y.js,235,fireAndSample,errors,result-object,0.44,signature-itself,result-object,2.24,unhandled-guard,1.64,fallback-default,0.85
tests/cities.test.mjs,472,getElementById,errors,throw-domain-error,0.44,signature-itself,unhandled-guard,0.87,result-object,0.46,validate-early,0.44
tests/jev-sanitize.test.mjs,360,fetch,security,url-whitelist,0.44,parse,sink-avoidance,2.51,fail-closed,0.78,token-not-in-url,0.5
tests/performance-playtest.test.mjs,261,patch,errors,propagate-reject,0.44,withField,fallback-default,1.55,unhandled-guard,0.85,try-catch-local,0.52
tests/resilience-facet.test.mjs,234,patch,errors,propagate-reject,0.44,withField,unhandled-guard,1.03,propagate-reject,0.58,fallback-default,0.2
tests/turnstile-client-lifecycle.test.mjs,87,src,errors,validate-early,0.44,multiple-sites,unhandled-guard,1.05,validate-early,0.22,propagate-reject,0.13
tests/weather-persistence.test.mjs,20,fakeNetwork,errors,propagate-reject,0.44,yearWindow,unhandled-guard,1.45,result-object,1.38,fallback-default,1.15
tests/weather-persistence.test.mjs,85,close,wiring,return-promise,0.44,signature-itself,return-promise,0.29,event-emitter,0.25,abort-signal,0.2
assets/js/shared/i18n.js,113,applyI18n,security,escape-output,0.43,signature-itself,sink-avoidance,2.97,escape-output,2.78,token-not-in-url,1.82
assets/js/shared/jargon-dict.js,191,explainElement,errors,result-object,0.43,jargonEntry,sink-avoidance,2.9,escape-output,2.12,validate-guard,1.69
assets/js/sizing/paths.js,958,breakEvenYear,errors,validate-early,0.43,signature-itself,fallback-default,1.79,result-object,1.4,validate-early,1.0
assets/js/sizing/ui.js,2181,setCoords,wiring,split-function,0.43,resolveRegionCountry,sink-avoidance,2.93,escape-output,2.83,split-function,2.62
assets/js/sizing/ui.js,3233,setGoal,errors,validate-early,0.43,multiple-sites,unhandled-guard,2.02,fallback-default,0.75,validate-early,0.29
assets/js/sizing/ui.js,4045,fxNote,errors,try-catch-local,0.43,fxActive,fallback-default,1.99,unhandled-guard,1.15,result-object,0.83
scripts/lib/cross-browser.mjs,119,verdict,errors,result-object,0.43,signature-itself,result-object,2.79,fallback-default,1.66,unhandled-guard,1.11
scripts/lib/worktree.mjs,42,detachWorktree,errors,catch-log-rethrow,0.43,git,try-catch-local,2.18,unhandled-guard,1.34,result-object,0.56
scripts/smoke/advisor-fallbacks.mjs,66,removeChild,errors,validate-early,0.43,signature-itself,validate-early,0.55,unhandled-guard,0.49,result-object,0.36
scripts/smoke/weather.js,40,runWeatherFlow,errors,catch-log-rethrow,0.43,signature-itself,token-not-in-url,2.28,unhandled-guard,2.14,escape-output,1.94
tests/privacy.test.mjs,153,gateExit,errors,propagate-reject,0.43,signature-itself,unhandled-guard,1.05,result-object,0.92,propagate-reject,0.58
tests/weather-persistence.test.mjs,46,makeIdbMock,errors,propagate-reject,0.43,signature-itself,fallback-default,2.62,unhandled-guard,1.55,result-object,0.65
assets/js/sizing/frontier-chart.js,707,frontierVerdict,errors,validate-early,0.42,isBatteryOnly,fallback-default,2.12,unhandled-guard,1.63,validate-early,0.65
assets/js/sizing/nasa.js,371,fetchHourlyCached,errors,propagate-reject,0.42,multiple-sites,sink-avoidance,2.93,try-catch-local,2.91,unhandled-guard,2.54
scripts/generate-heatmap-data.mjs,287,computeBreakeven,errors,result-object,0.42,signature-itself,unhandled-guard,1.73,result-object,1.5,fallback-default,0.93
scripts/lib/quality-evidence.mjs,312,group,errors,no-change,0.42,signature-itself,validate-early,0.3,unhandled-guard,0.08,propagate-reject,0.05
scripts/smoke/advisor-fallbacks.mjs,80,contains,wiring,guard-clause,0.42,signature-itself,guard-clause,0.21,await-chain,0.06,delegate-up,0.04
tests/turnstile-client-lifecycle.test.mjs,248,doc.head.appendChild,security,validate-guard,0.42,signature-itself,sink-avoidance,2.43,escape-output,1.28,token-not-in-url,0.6
assets/js/sizing/bom.js,109,panelLayout,errors,throw-domain-error,0.41,toFixed,fallback-default,1.78,validate-early,1.36,result-object,1.15
assets/js/sizing/paths.js,293,registryFor,errors,validate-early,0.41,signature-itself,fallback-default,1.16,unhandled-guard,0.95,try-catch-local,0.53
assets/js/sizing/run.js,305,fetchWeatherWithFallback,security,validate-guard,0.41,fetchWeatherDefault,sink-avoidance,2.95,token-not-in-url,2.2,escape-output,0.57
assets/js/sizing/run.js,2680,measureUseCase,errors,result-object,0.41,signature-itself,fallback-default,2.94,result-object,1.77,unhandled-guard,1.23
assets/js/sizing/ui.js,1461,displayRate,errors,fallback-default,0.41,getTariff,fallback-default,1.34,unhandled-guard,0.99,try-catch-local,0.94
assets/js/sizing/ui.js,6402,selectCard,errors,error-boundary,0.41,multiple-sites,unhandled-guard,1.3,validate-early,0.18,fallback-default,0.07
scripts/apply-branch-protection.mjs,63,main,security,fail-closed,0.41,gh,sink-avoidance,2.94,fail-closed,2.67,token-not-in-url,2.29
scripts/lib/byte-budgets.mjs,154,initialRequests,errors,validate-early,0.41,signature-itself,sink-avoidance,2.9,token-not-in-url,1.08,fallback-default,0.87
scripts/lib/gates.mjs,184,aimsOutsideSite,security,url-whitelist,0.41,resolveHref,sink-avoidance,2.75,fail-closed,0.83,unhandled-guard,0.58
scripts/smoke/advisor-fallbacks.mjs,206,removeEventListener,wiring,listener-cleanup,0.41,signature-itself,listener-cleanup,1.71,validate-early,0.96,throw-domain-error,0.88
scripts/smoke/resilience.mjs,156,handlePaused,errors,catch-log-rethrow,0.41,send,sink-avoidance,2.93,unhandled-guard,2.85,fallback-default,1.96
scripts/smoke/share.js,6,runShareFlow,errors,catch-log-rethrow,0.41,poll,escape-output,2.12,unhandled-guard,2.07,try-catch-local,1.65
tests/cum-cost-caption.test.mjs,31,appendChild,wiring,return-promise,0.41,signature-itself,guard-clause,0.42,delegate-up,0.26,event-emitter,0.26
tests/engine-search-gap.test.mjs,118,meets,errors,validate-early,0.41,multiple-sites,unhandled-guard,0.97,validate-early,0.1,result-object,0.09
tests/location-picker.test.mjs,486,json,wiring,return-promise,0.41,signature-itself,return-promise,1.55,await-chain,1.39,delegate-up,0.18
tests/performance-playtest.test.mjs,251,patch,errors,propagate-reject,0.41,withField,fallback-default,1.42,unhandled-guard,1.04,try-catch-local,0.84
assets/js/sizing/charts.js,1425,zoomChart,errors,try-catch-local,0.4,computeZoomSpan,fallback-default,1.87,unhandled-guard,1.07,validate-early,0.8
assets/js/sizing/run.js,190,pickBest,errors,validate-early,0.4,reduce,fallback-default,1.15,result-object,1.0,unhandled-guard,0.98
assets/js/sizing/run.js,2353,buildAuto,errors,try-catch-local,0.4,multiple-sites,unhandled-guard,1.95,fallback-default,1.61,validate-early,0.69
assets/js/sizing/ui.js,2335,applyEstimatedTariff,security,validate-guard,0.4,el,sink-avoidance,2.95,fallback-default,2.65,escape-output,2.63
assets/js/sizing/ui.js,3284,syncToBill,security,validate-guard,0.4,multiple-sites,sink-avoidance,2.94,escape-output,2.78,token-not-in-url,1.82
assets/js/sizing/usecases.js,159,metricOf,errors,validate-early,0.4,signature-itself,unhandled-guard,0.9,validate-early,0.48,propagate-reject,0.32
tests/cities.test.mjs,319,json,errors,propagate-reject,0.4,signature-itself,unhandled-guard,2.2,propagate-reject,0.23,result-object,0.14
tests/polish-pass1.test.mjs,171,querySelector,wiring,delegate-up,0.4,signature-itself,guard-clause,0.25,delegate-up,0.2,return-promise,0.07
assets/js/sizing/location-picker.js,98,cancelAutoResolve,errors,try-catch-local,0.39,signature-itself,sink-avoidance,2.95,token-not-in-url,1.09,unhandled-guard,0.84
assets/js/sizing/location-picker.js,98,cancelAutoResolve,security,validate-guard,0.39,signature-itself,sink-avoidance,2.95,token-not-in-url,1.09,unhandled-guard,0.84
assets/js/sizing/run.js,241,clearSiteMemo,errors,try-catch-local,0.39,multiple-sites,unhandled-guard,1.52,fallback-default,0.54,result-object,0.07
assets/js/sizing/ui.js,791,renderCatalogue,errors,validate-early,0.39,$,token-not-in-url,1.92,unhandled-guard,1.92,escape-output,1.64
assets/js/sizing/ui.js,1230,renderInfeasibleBanner,errors,try-catch-local,0.39,$,escape-output,2.19,unhandled-guard,1.56,token-not-in-url,1.37
assets/js/sizing/ui.js,8009,copyShareLink,wiring,await-chain,0.39,$,split-function,1.5,await-chain,1.28,guard-clause,0.78
scripts/smoke/resilience.mjs,133,installNasaInterceptor,wiring,listener-cleanup,0.39,signature-itself,state-store,2.75,split-function,2.2,guard-clause,2.0
tests/ci-resilience.test.mjs,829,runVerifier,security,fail-closed,0.39,withMutationLock,sink-avoidance,2.91,token-not-in-url,1.83,fail-closed,1.2
tests/cold-start-defects.test.mjs,254,remove,wiring,return-promise,0.39,signature-itself,listener-cleanup,0.26,callback-param,0.13,guard-clause,0.12
tests/gate-self-audit.test.mjs,72,runFreshnessGate,errors,result-object,0.39,spawnSync,unhandled-guard,1.9,result-object,1.43,propagate-reject,0.49
tests/lead-acid-copy.test.mjs,26,agm,errors,validate-early,0.39,signature-itself,unhandled-guard,1.75,fallback-default,1.4,validate-early,0.24
tests/npx-spawn.test.mjs,58,exists,wiring,return-promise,0.39,signature-itself,guard-clause,0.18,await-chain,0.14,delegate-up,0.14
tests/performance-playtest.test.mjs,56,lighthouseReport,errors,no-change,0.39,signature-itself,unhandled-guard,2.23,result-object,0.73,fallback-default,0.5
tests/polish-pass1.test.mjs,165,remove,wiring,return-promise,0.39,signature-itself,callback-param,0.18,listener-cleanup,0.17,guard-clause,0.11
tests/polish-pass1.test.mjs,198,fakeEl,errors,validate-early,0.39,signature-itself,unhandled-guard,1.1,validate-early,0.16,fallback-default,0.06
assets/js/sizing/bom.js,217,cableGauge,errors,validate-early,0.38,signature-itself,fallback-default,1.37,result-object,1.23,unhandled-guard,1.02
assets/js/sizing/charts.js,542,drawCumCostChart,errors,try-catch-local,0.38,$,fallback-default,2.13,unhandled-guard,1.14,validate-early,1.01
assets/js/sizing/infeasible-copy.js,69,infeasibleGenericKeys,errors,no-change,0.38,signature-itself,unhandled-guard,0.81,result-object,0.16,throw-domain-error,0.12
assets/js/sizing/ui.js,458,$,errors,throw-domain-error,0.38,getElementById,validate-early,0.39,result-object,0.33,propagate-reject,0.17
assets/js/sizing/ui.js,657,applySimpleMode,errors,error-boundary,0.38,remove,fallback-default,2.0,token-not-in-url,1.96,unhandled-guard,1.78
assets/js/sizing/ui.js,6170,applyGenRate,errors,try-catch-local,0.38,toFixed,sink-avoidance,2.95,escape-output,2.32,validate-guard,1.75
scripts/check-lighthouse.mjs,236,ctx.ws.onmessage,wiring,return-promise,0.38,parse,listener-cleanup,1.11,split-function,0.98,guard-clause,0.76
scripts/lib/quality-matrix.mjs,185,matrixCells,errors,validate-early,0.38,multiple-sites,result-object,0.93,unhandled-guard,0.88,fallback-default,0.59
scripts/smoke/advisor-fallbacks.mjs,48,clientRects,wiring,guard-clause,0.38,signature-itself,delegate-up,0.24,state-store,0.12,await-chain,0.07
scripts/smoke/lifecycle.js,7,runLifecycleFlow,errors,catch-log-rethrow,0.38,evaluate,unhandled-guard,2.07,token-not-in-url,1.97,escape-output,1.37
tests/npx-spawn.test.mjs,52,exists,wiring,return-promise,0.38,signature-itself,guard-clause,0.13,delegate-up,0.12,await-chain,0.08
tests/performance-playtest.test.mjs,272,patch,errors,propagate-reject,0.38,withField,unhandled-guard,0.79,fallback-default,0.59,propagate-reject,0.49
tests/simple-mode-storage.test.mjs,44,getItem,wiring,delegate-up,0.38,Error,return-promise,0.16,guard-clause,0.11,listener-cleanup,0.1
tests/smoke-advisor.test.mjs,100,gateNames,errors,no-change,0.38,multiple-sites,unhandled-guard,0.56,validate-early,0.4,propagate-reject,0.16
tests/weather-persistence.test.mjs,33,json,errors,no-change,0.38,signature-itself,unhandled-guard,2.32,validate-early,0.28,propagate-reject,0.24
tests/worker-upstream-failures.test.mjs,21,chatReq,security,validate-guard,0.38,signature-itself,sink-avoidance,2.86,token-not-in-url,1.96,least-privilege-fetch,1.08
assets/js/sizing/charts.js,1038,drawAutoChart,errors,validate-early,0.37,$,fallback-default,1.98,unhandled-guard,1.57,validate-early,1.18
assets/js/sizing/frontier.js,468,adoptOversizedBanks,errors,validate-early,0.37,evaluateOversizeOptimization,fallback-default,2.07,unhandled-guard,1.42,validate-early,0.73
assets/js/sizing/run.js,903,matrixCell,errors,result-object,0.37,multiple-sites,result-object,2.36,unhandled-guard,1.92,fallback-default,1.51
assets/js/sizing/run.js,1245,buildTarget,errors,result-object,0.37,multiple-sites,result-object,2.27,unhandled-guard,2.1,fallback-default,1.93
assets/js/sizing/run.js,1606,basePayload,errors,validate-early,0.37,"`;
        })",fallback-default,2.1,unhandled-guard,1.86,result-object,0.87
assets/js/sizing/ui.js,4068,renderBatteryComparison,errors,error-boundary,0.37,signature-itself,fallback-default,2.6,token-not-in-url,2.3,unhandled-guard,1.91
assets/js/sizing/ui.js,5648,entryDetailRows,security,validate-guard,0.37,multiple-sites,sink-avoidance,2.97,fallback-default,2.4,token-not-in-url,1.89
assets/js/sizing/ui.js,8029,done,errors,try-catch-local,0.37,multiple-sites,unhandled-guard,1.89,propagate-reject,0.04,result-object,0.02
assets/js/sizing/ui.js,8047,fallbackCopy,errors,propagate-reject,0.37,signature-itself,escape-output,2.65,sink-avoidance,2.21,unhandled-guard,1.7
assets/js/sizing/ui.js,8169,initSizingUI,errors,catch-log-rethrow,0.37,signature-itself,try-catch-local,2.3,fallback-default,1.83,unhandled-guard,1.07
scripts/lib/jev-complete.mjs,1053,addImprovement,errors,validate-early,0.37,signature-itself,unhandled-guard,1.28,validate-early,1.03,fallback-default,0.84
scripts/lib/lighthouse-budgets.mjs,612,compareLighthouse,errors,result-object,0.37,signature-itself,result-object,1.87,fallback-default,1.45,validate-early,1.32
tests/experience-facet.test.mjs,58,goodError,errors,throw-domain-error,0.37,find,result-object,1.12,unhandled-guard,1.04,error-boundary,0.25
tests/lead-acid-copy.test.mjs,18,pick,errors,no-change,0.37,signature-itself,unhandled-guard,1.49,fallback-default,1.29,validate-early,0.31
tests/location-picker.test.mjs,67,focus,wiring,return-promise,0.37,signature-itself,callback-param,0.18,delegate-up,0.17,guard-clause,0.1
tests/npx-spawn.test.mjs,116,exists,errors,propagate-reject,0.37,signature-itself,unhandled-guard,0.4,propagate-reject,0.21,result-object,0.18
tests/turnstile-client-lifecycle.test.mjs,85,setAttribute,wiring,delegate-up,0.37,signature-itself,guard-clause,0.3,delegate-up,0.27,event-emitter,0.24
tests/worker-showcase.test.mjs,218,walkUsable,errors,validate-early,0.37,signature-itself,unhandled-guard,0.67,validate-early,0.27,result-object,0.12
assets/js/chat.js,210,window.scrollToCalc,security,no-change,0.36,scrollBehavior,sink-avoidance,2.9,guard-clause,2.07,escape-output,1.18
assets/js/heatmap.js,210,updateLegend,errors,try-catch-local,0.36,multiple-sites,escape-output,1.57,token-not-in-url,1.49,unhandled-guard,1.4
assets/js/sizing/infeasible-copy.js,46,infeasibleCopyKeys,errors,fallback-default,0.36,hasInfeasibleCopy,fallback-default,1.45,result-object,0.52,validate-early,0.44
assets/js/sizing/run.js,801,breakEvenFor,errors,result-object,0.36,signature-itself,unhandled-guard,1.27,validate-early,0.99,result-object,0.95
assets/js/sizing/ui.js,3558,chip,errors,validate-early,0.36,appendChild,unhandled-guard,0.91,validate-early,0.37,fallback-default,0.1
assets/js/sizing/ui.js,5045,turnkeyQuoteText,errors,validate-early,0.36,multiple-sites,fallback-default,1.64,validate-early,0.97,unhandled-guard,0.87
assets/js/sizing/ui.js,5850,renderBomPanel,errors,try-catch-local,0.36,buildFocusBom,unhandled-guard,1.98,token-not-in-url,1.96,fallback-default,1.68
assets/js/sizing/ui.js,8103,setupPwaControls,errors,unhandled-guard,0.36,$,token-not-in-url,2.19,unhandled-guard,1.8,escape-output,1.58
assets/js/sizing/usecases.js,300,metricOf,errors,no-change,0.36,signature-itself,unhandled-guard,0.65,validate-early,0.29,propagate-reject,0.16
scripts/lib/gates.mjs,184,aimsOutsideSite,errors,validate-early,0.36,resolveHref,sink-avoidance,2.75,fail-closed,0.83,unhandled-guard,0.58
scripts/smoke/a11y.js,144,effectiveBg,errors,try-catch-local,0.36,signature-itself,result-object,1.42,fallback-default,1.24,validate-early,0.69
scripts/verify-cumulative-flow.mjs,8,fetchWeather,wiring,return-promise,0.36,signature-itself,await-chain,2.05,return-promise,1.95,delegate-up,0.49
tests/jev-report-print.test.mjs,20,facet,errors,no-change,0.36,signature-itself,unhandled-guard,1.54,fallback-default,0.3,validate-early,0.28
tests/npx-spawn.test.mjs,147,exists,wiring,delegate-up,0.36,signature-itself,guard-clause,0.16,delegate-up,0.12,await-chain,0.08
tests/worker-i18n.test.mjs,249,renderDegradedIn,security,escape-output,0.36,multiple-sites,sink-avoidance,2.82,token-not-in-url,1.97,escape-output,1.2
assets/js/sizing/charts.js,999,drawSocChartForEntry,errors,try-catch-local,0.35,drawSocChart,sink-avoidance,2.94,token-not-in-url,2.32,validate-guard,1.96
assets/js/sizing/charts.js,1382,redrawSocChart,errors,try-catch-local,0.35,multiple-sites,unhandled-guard,1.09,validate-early,0.82,result-object,0.3
assets/js/sizing/ui.js,1319,applianceState,errors,try-catch-local,0.35,$,sink-avoidance,2.96,token-not-in-url,1.87,escape-output,1.69
assets/js/sizing/ui.js,4799,setLevel,errors,try-catch-local,0.35,signature-itself,unhandled-guard,0.86,validate-early,0.2,propagate-reject,0.08
assets/js/sizing/ui.js,5862,section,errors,validate-early,0.35,appendRows,validate-early,1.32,unhandled-guard,0.92,fallback-default,0.39
scripts/smoke/deadline.js,10,runDeadlineFlow,errors,catch-log-rethrow,0.35,evaluate,escape-output,2.35,unhandled-guard,2.31,token-not-in-url,2.28
tests/cold-start-preflight.test.mjs,107,cookieRes,errors,validate-early,0.35,signature-itself,unhandled-guard,2.38,result-object,0.86,validate-early,0.11
tests/experience-facet.test.mjs,112,HEALTHY,errors,result-object,0.35,multiple-sites,unhandled-guard,2.34,result-object,1.56,error-boundary,0.18
tests/polish-pass1.test.mjs,178,appendChild,errors,unhandled-guard,0.35,"get(""script:load"")",state-store,1.76,event-emitter,1.06,split-function,1.05
tests/weather-persistence.test.mjs,58,contains,errors,try-catch-local,0.35,has,unhandled-guard,0.69,validate-early,0.37,fallback-default,0.36
tests/worker-i18n.test.mjs,365,addEventListener,errors,validate-early,0.35,signature-itself,event-emitter,1.76,validate-early,1.24,abort-signal,0.93
tests/worldwide.test.mjs,140,walk,wiring,state-store,0.35,multiple-sites,guard-clause,2.85,split-function,1.42,state-store,1.19
assets/js/shared/simple-view.js,9,buildSimpleView,errors,result-object,0.34,multiple-sites,result-object,2.41,fallback-default,1.78,unhandled-guard,1.33
assets/js/sizing/frontier.js,520,outcomeOf,errors,validate-early,0.34,billCutFraction,unhandled-guard,1.62,fallback-default,1.04,validate-early,0.36
assets/js/sizing/frontier.js,531,priceOf,errors,try-catch-local,0.34,costFn,fallback-default,1.61,unhandled-guard,0.89,result-object,0.39
assets/js/sizing/ui.js,5741,showSystemModal,errors,try-catch-local,0.34,$,unhandled-guard,2.04,fallback-default,1.89,validate-early,0.72
assets/js/sizing/ui.js,8047,fallbackCopy,security,sink-avoidance,0.34,signature-itself,escape-output,2.65,sink-avoidance,2.21,unhandled-guard,1.7
assets/js/sizing/ui.js,8443,applyMode,errors,try-catch-local,0.34,setQuickMode,unhandled-guard,1.37,fallback-default,0.7,validate-early,0.11
assets/js/sizing/usecases.js,125,metricOf,errors,validate-early,0.34,signature-itself,unhandled-guard,0.8,validate-early,0.33,propagate-reject,0.27
assets/js/sizing/wizard.js,58,clearError,errors,no-change,0.34,signature-itself,unhandled-guard,1.45,fallback-default,0.32,result-object,0.28
scripts/lib/privacy-facet-line.mjs,30,composePrivacyFacetLine,errors,validate-early,0.34,signature-itself,fallback-default,2.01,unhandled-guard,1.05,result-object,0.88
scripts/smoke/advisor-fallbacks.mjs,84,querySelectorAll,wiring,delegate-up,0.34,signature-itself,delegate-up,0.19,guard-clause,0.19,split-function,0.06
scripts/smoke/resilience.mjs,870,runShareRestore,wiring,split-function,0.34,evaluate,await-chain,2.71,split-function,2.58,guard-clause,2.54
scripts/smoke/share.js,6,runShareFlow,security,validate-guard,0.34,poll,escape-output,2.12,unhandled-guard,2.07,try-catch-local,1.65
tests/cities.test.mjs,474,createElement,wiring,no-change,0.34,signature-itself,unhandled-guard,1.47,fallback-default,0.97,delegate-up,0.46
tests/jev-scope.test.mjs,673,judge,wiring,delegate-up,0.34,scopedVerdict,delegate-up,2.65,return-promise,1.43,await-chain,0.49
tests/turnstile-client-lifecycle.test.mjs,155,doc.head.appendChild,errors,try-catch-local,0.34,onload,sink-avoidance,1.98,delegate-up,1.27,return-promise,0.93
assets/js/cf-beacon.js,38,injectBeacon,errors,propagate-reject,0.33,signature-itself,sink-avoidance,2.81,escape-output,2.55,unhandled-guard,1.05
assets/js/sizing/frontier-chart.js,235,push,errors,validate-early,0.33,signature-itself,promise-allsettled,0.39,validate-early,0.3,propagate-reject,0.23
assets/js/sizing/fuel-units.js,90,burnFigure,errors,validate-early,0.33,fuelBurnPerKwh,validate-early,0.47,unhandled-guard,0.4,propagate-reject,0.36
assets/js/sizing/run.js,864,moneyTail,errors,validate-early,0.33,toFixed,unhandled-guard,1.65,fallback-default,1.44,result-object,1.22
assets/js/sizing/ui.js,8071,renderBom,errors,error-boundary,0.33,querySelector,unhandled-guard,2.15,validate-early,0.66,fallback-default,0.35
assets/js/sizing/usecases.js,404,outcomeFor,errors,result-object,0.33,multiple-sites,fallback-default,1.59,result-object,1.48,unhandled-guard,1.19
scripts/generate-heatmap-data.mjs,308,computeLcoe,errors,validate-early,0.33,systemCostMid,unhandled-guard,1.54,result-object,1.27,propagate-reject,0.86
scripts/smoke/advisor-fallbacks.mjs,32,makeElement,errors,validate-early,0.33,signature-itself,fallback-default,2.15,unhandled-guard,2.03,delegate-up,1.03
scripts/smoke/advisor-fallbacks.mjs,138,addEventListener,errors,try-catch-local,0.33,signature-itself,event-emitter,1.85,validate-early,1.23,abort-signal,1.03
tests/ci-resilience.test.mjs,823,failingSource,errors,try-catch-local,0.33,signature-itself,unhandled-guard,1.15,propagate-reject,0.27,try-catch-local,0.15
tests/cold-start-defects.test.mjs,157,querySelector,wiring,return-promise,0.33,signature-itself,guard-clause,0.26,delegate-up,0.18,return-promise,0.07
tests/map-feature.test.mjs,81,setView,wiring,delegate-up,0.33,signature-itself,delegate-up,0.47,state-store,0.29,await-chain,0.17
tests/map-feature.test.mjs,94,appendChild,wiring,return-promise,0.33,signature-itself,throw-domain-error,1.04,validate-early,0.95,guard-clause,0.45
tests/weather-persistence.test.mjs,78,delete,errors,propagate-reject,0.33,signature-itself,unhandled-guard,0.94,fallback-default,0.87,validate-early,0.57
tests/worker-i18n.test.mjs,330,addEventListener,errors,validate-early,0.33,signature-itself,event-emitter,1.8,validate-early,1.23,abort-signal,1.02
assets/js/sizing/charts.js,231,drawBand,errors,validate-early,0.32,includes,fallback-default,1.94,unhandled-guard,1.31,validate-early,0.51
assets/js/sizing/frontier.js,505,simulateAt,errors,propagate-reject,0.32,multiple-sites,propagate-reject,1.16,validate-early,0.71,unhandled-guard,0.67
assets/js/sizing/run.js,821,cumCostFor,errors,propagate-reject,0.32,cumulativeCostSeries,fallback-default,1.85,validate-early,0.58,propagate-reject,0.52
assets/js/sizing/ui.js,5318,matrixColShort,errors,try-catch-local,0.32,split,fallback-default,1.37,validate-early,0.67,unhandled-guard,0.31
assets/js/sizing/ui.js,5648,entryDetailRows,errors,validate-early,0.32,multiple-sites,sink-avoidance,2.97,fallback-default,2.4,token-not-in-url,1.89
scripts/lib/visual-budgets.mjs,121,visualCells,errors,validate-early,0.32,multiple-sites,fallback-default,0.91,result-object,0.9,unhandled-guard,0.81
scripts/serve-static.mjs,91,applyPolicy,errors,try-catch-local,0.32,signature-itself,sink-avoidance,2.87,token-not-in-url,1.48,unhandled-guard,1.35
scripts/smoke/advisor-fallbacks.mjs,79,scrollIntoView,wiring,return-promise,0.32,signature-itself,return-promise,1.11,callback-param,0.24,delegate-up,0.18
scripts/smoke/resilience.mjs,156,handlePaused,security,fail-closed,0.32,send,sink-avoidance,2.93,unhandled-guard,2.85,fallback-default,1.96
scripts/smoke/weather.js,40,runWeatherFlow,security,sink-avoidance,0.32,signature-itself,token-not-in-url,2.28,unhandled-guard,2.14,escape-output,1.94
tests/cold-start-defects.test.mjs,273,render,wiring,no-change,0.32,signature-itself,await-chain,0.28,listener-cleanup,0.09,delegate-up,0.08
tests/jev-sanitize.test.mjs,491,makeElement,errors,throw-domain-error,0.32,signature-itself,unhandled-guard,1.06,fallback-default,0.84,validate-early,0.26
tests/resilience-facet.test.mjs,218,patch,errors,propagate-reject,0.32,withField,unhandled-guard,1.05,propagate-reject,0.49,fallback-default,0.41
tests/turnstile-client-lifecycle.test.mjs,248,doc.head.appendChild,errors,catch-log-rethrow,0.32,signature-itself,sink-avoidance,2.43,escape-output,1.28,token-not-in-url,0.6
assets/js/sizing/run.js,1013,entryFromSizing,errors,validate-early,0.31,multiple-sites,unhandled-guard,2.04,result-object,1.47,fallback-default,1.4
assets/js/sizing/ui.js,5827,buildFocusBom,errors,validate-early,0.31,resolveSelected,fallback-default,2.08,unhandled-guard,1.58,result-object,1.14
assets/js/sizing/wizard.js,29,state,errors,no-change,0.31,signature-itself,unhandled-guard,1.01,result-object,0.72,error-boundary,0.22
scripts/lib/byte-budgets.mjs,131,formatReading,errors,validate-early,0.31,kb,fallback-default,1.14,unhandled-guard,1.04,validate-early,0.7
scripts/smoke/advisor-fallbacks.mjs,209,fetch,wiring,return-promise,0.31,signature-itself,sink-avoidance,2.67,return-promise,2.12,delegate-up,1.37
scripts/smoke/jev.js,284,setMode,errors,validate-early,0.31,multiple-sites,sink-avoidance,2.17,token-not-in-url,1.41,unhandled-guard,1.2
scripts/smoke/performance.mjs,356,splitFirstResult,errors,validate-early,0.31,multiple-sites,fallback-default,2.01,unhandled-guard,1.31,result-object,0.91
scripts/swap-strategy-test.mjs,166,meets,errors,no-change,0.31,multiple-sites,unhandled-guard,0.73,validate-early,0.12,result-object,0.1
scripts/validate-against-sheet.mjs,61,slice,wiring,state-store,0.31,signature-itself,split-function,1.38,guard-clause,0.77,delegate-up,0.28
tests/cold-start-defects.test.mjs,191,appendChild,errors,validate-early,0.31,signature-itself,validate-early,0.6,propagate-reject,0.13,unhandled-guard,0.13
tests/cold-start-defects.test.mjs,274,remove,wiring,return-promise,0.31,signature-itself,callback-param,0.2,listener-cleanup,0.15,guard-clause,0.1
tests/experience-facet.test.mjs,71,goodEmpty,errors,throw-domain-error,0.31,find,unhandled-guard,1.91,result-object,0.56,validate-early,0.53
tests/jev-sanitize.test.mjs,500,setAttribute,wiring,delegate-up,0.31,signature-itself,guard-clause,0.35,delegate-up,0.31,event-emitter,0.19
tests/map-feature.test.mjs,78,on,errors,validate-early,0.31,signature-itself,unhandled-guard,1.03,event-emitter,0.55,callback-param,0.35
tests/performance-playtest.test.mjs,245,patch,errors,propagate-reject,0.31,withField,fallback-default,1.89,unhandled-guard,1.42,propagate-reject,0.43
tests/resilience-facet.test.mjs,239,patch,errors,propagate-reject,0.31,withField,unhandled-guard,1.15,fallback-default,0.31,propagate-reject,0.21
assets/js/sizing/charts.js,454,cumCostCaptionText,errors,validate-early,0.3,join,fallback-default,2.14,unhandled-guard,1.24,validate-early,0.55
assets/js/sizing/engine.js,641,sizeForTier,errors,result-object,0.3,oversizeCallout,fallback-default,2.3,result-object,1.18,unhandled-guard,0.97
assets/js/sizing/run.js,675,moneyFor,errors,validate-early,0.3,multiple-sites,fallback-default,1.74,unhandled-guard,1.53,validate-early,0.66
assets/js/sizing/run.js,1102,enrichGtMatrixCell,errors,validate-early,0.3,multiple-sites,unhandled-guard,1.41,fallback-default,1.2,validate-early,1.06
assets/js/sizing/ui.js,5102,rows,errors,validate-early,0.3,t,unhandled-guard,0.65,validate-early,0.58,propagate-reject,0.18
scripts/lib/gates.mjs,189,resolvesToDeployed,security,validate-guard,0.3,resolveHref,sink-avoidance,2.97,fallback-default,1.48,token-not-in-url,1.33
scripts/smoke/advisor-fallbacks.mjs,208,scrollTo,errors,try-catch-local,0.3,signature-itself,unhandled-guard,1.09,return-promise,0.77,propagate-reject,0.58
tests/cities.test.mjs,474,createElement,errors,validate-early,0.3,signature-itself,unhandled-guard,1.47,fallback-default,0.97,delegate-up,0.46
tests/consumer-usecases.test.mjs,134,onBudgetSliderChange,errors,unhandled-guard,0.3,fakeAdoptFrontierPoint,unhandled-guard,0.49,validate-early,0.19,propagate-reject,0.13
tests/npx-spawn.test.mjs,128,exists,wiring,delegate-up,0.3,signature-itself,guard-clause,0.18,delegate-up,0.11,await-chain,0.08
tests/performance-playtest.test.mjs,256,patch,errors,propagate-reject,0.3,withField,fallback-default,1.1,unhandled-guard,0.98,propagate-reject,0.32
tests/polish-pass1.test.mjs,165,setView,wiring,return-promise,0.3,signature-itself,state-store,0.32,delegate-up,0.23,await-chain,0.19
assets/js/sizing/engine.js,670,evaluate,errors,catch-log-rethrow,0.29,simulate,unhandled-guard,1.6,result-object,1.26,propagate-reject,0.69
assets/js/sizing/run.js,1385,costFn,errors,validate-early,0.29,fullRange,unhandled-guard,1.07,result-object,0.79,propagate-reject,0.52
scripts/lib/base-url.mjs,11,normalizeBase,errors,throw-domain-error,0.29,URL,sink-avoidance,2.92,try-catch-local,2.81,fallback-default,1.14
scripts/smoke/advisor-fallbacks.mjs,208,scrollTo,wiring,return-promise,0.29,signature-itself,unhandled-guard,1.09,return-promise,0.77,propagate-reject,0.58
scripts/validate-jsonld.mjs,63,walk,errors,validate-early,0.29,push,guard-clause,1.37,split-function,0.92,unhandled-guard,0.75
tests/ci-resilience.test.mjs,232,run,errors,propagate-reject,0.29,iso,unhandled-guard,1.76,fallback-default,0.61,propagate-reject,0.2
tests/cum-cost-caption.test.mjs,31,el,wiring,no-change,0.29,signature-itself,listener-cleanup,0.34,delegate-up,0.16,split-function,0.08
tests/formatting.test.mjs,45,listUntrackedFiles,errors,propagate-reject,0.29,parseTrackedPaths,unhandled-guard,1.52,result-object,0.92,propagate-reject,0.57
tests/location-picker.test.mjs,42,makeEl,errors,throw-domain-error,0.29,signature-itself,unhandled-guard,1.34,fallback-default,0.84,validate-early,0.3
tests/map-feature.test.mjs,38,drawRectangle,wiring,delegate-up,0.29,signature-itself,unhandled-guard,1.49,result-object,0.35,validate-early,0.26
tests/resilience-facet.test.mjs,213,patch,errors,propagate-reject,0.29,withField,unhandled-guard,0.84,fallback-default,0.47,propagate-reject,0.23
tests/resilience-facet.test.mjs,281,patch,errors,propagate-reject,0.29,withField,unhandled-guard,0.93,propagate-reject,0.13,fallback-default,0.1
assets/js/shared/i18n.js,92,translate,errors,try-catch-local,0.28,signature-itself,fallback-default,2.86,unhandled-guard,1.94,try-catch-local,0.84
assets/js/sizing/location-picker.js,56,draw,errors,try-catch-local,0.28,multiple-sites,token-not-in-url,2.3,escape-output,2.2,sink-avoidance,2.07
assets/js/sizing/pricing.js,166,landedMidBattKwhFor,errors,validate-early,0.28,battRangeFor,fallback-default,1.76,unhandled-guard,1.2,validate-early,0.79
assets/js/sizing/ui.js,6184,renderMoneyBar,errors,try-catch-local,0.28,resolveSelected,sink-avoidance,2.95,escape-output,2.92,unhandled-guard,2.05
scripts/generate-heatmap-data.mjs,259,systemCostMid,errors,validate-early,0.28,costRange,fallback-default,1.64,unhandled-guard,0.86,validate-early,0.75
scripts/smoke/results.js,24,runResultsFlow,wiring,split-function,0.28,evaluate,split-function,2.57,await-chain,2.34,token-not-in-url,2.15
tests/consumer-usecases.test.mjs,141,onFrontierCurveClick,errors,unhandled-guard,0.28,fakeAdoptFrontierPoint,unhandled-guard,0.76,result-object,0.15,validate-early,0.13
tests/formatting.test.mjs,174,write,wiring,return-promise,0.28,signature-itself,unhandled-guard,1.83,propagate-reject,0.42,result-object,0.36
tests/location-picker.test.mjs,74,withDom,security,validate-guard,0.28,signature-itself,sink-avoidance,2.8,escape-output,1.18,token-not-in-url,1.04
tests/location-picker.test.mjs,303,setStatus,errors,propagate-reject,0.28,signature-itself,unhandled-guard,1.45,state-store,0.45,result-object,0.41
tests/map-feature.test.mjs,78,on,wiring,event-emitter,0.28,signature-itself,unhandled-guard,1.03,event-emitter,0.55,callback-param,0.35
worker/index.js,547,callGroq,security,least-privilege-fetch,0.28,signature-itself,sink-avoidance,2.92,token-not-in-url,2.84,least-privilege-fetch,0.94
worker/usage-ledger.mjs,45,recordUsageEvent,errors,result-object,0.28,run,sink-avoidance,2.97,validate-guard,2.75,unhandled-guard,2.66
assets/js/cf-beacon.js,38,injectBeacon,security,token-not-in-url,0.27,signature-itself,sink-avoidance,2.81,escape-output,2.55,unhandled-guard,1.05
assets/js/sizing/location-picker.js,104,reset,security,sink-avoidance,0.27,multiple-sites,escape-output,2.05,unhandled-guard,1.46,token-not-in-url,0.85
assets/js/sizing/ui.js,2987,postSlice,errors,unhandled-guard,0.27,signature-itself,unhandled-guard,1.37,validate-early,0.52,result-object,0.51
assets/js/sizing/ui.js,5345,matrixHtml,errors,validate-early,0.27,multiple-sites,sink-avoidance,2.45,token-not-in-url,2.19,fallback-default,2.02
scripts/smoke/advisor-fallbacks.mjs,136,querySelector,wiring,guard-clause,0.27,signature-itself,guard-clause,0.24,delegate-up,0.21,state-store,0.08
scripts/smoke/advisor-fallbacks.mjs,337,assertions,errors,throw-domain-error,0.27,signature-itself,error-boundary,1.99,fallback-default,0.67,unhandled-guard,0.59
scripts/smoke/runtime.mjs,199,send,wiring,listener-cleanup,0.27,setTimeout,return-promise,2.92,sink-avoidance,2.92,state-store,2.02
tests/cold-start-defects.test.mjs,199,querySelector,wiring,delegate-up,0.27,signature-itself,delegate-up,0.2,guard-clause,0.17,state-store,0.06
tests/formatting.test.mjs,133,exists,wiring,guard-clause,0.27,signature-itself,await-chain,0.16,delegate-up,0.15,return-promise,0.09
tests/jev-ci-evidence.test.mjs,678,run,errors,catch-log-rethrow,0.27,spawnSync,unhandled-guard,1.76,result-object,1.51,propagate-reject,0.53
tests/map-feature.test.mjs,80,remove,errors,propagate-reject,0.27,signature-itself,unhandled-guard,1.37,result-object,0.6,propagate-reject,0.44
tests/map-feature.test.mjs,93,createElement,wiring,return-promise,0.27,signature-itself,delegate-up,0.2,await-chain,0.1,guard-clause,0.09
tests/plan-pin.test.mjs,57,state,errors,propagate-reject,0.27,lockText,unhandled-guard,1.87,fallback-default,1.03,result-object,0.36
tests/polish-pass1.test.mjs,165,map,wiring,delegate-up,0.27,signature-itself,delegate-up,0.41,listener-cleanup,0.37,state-store,0.18
tests/polish-pass1.test.mjs,166,tileLayer,wiring,return-promise,0.27,signature-itself,delegate-up,1.14,abort-signal,0.47,return-promise,0.18
tests/simple-mode-storage.test.mjs,41,getItem,wiring,delegate-up,0.27,signature-itself,await-chain,0.15,return-promise,0.08,guard-clause,0.07
tests/turnstile-client-lifecycle.test.mjs,84,createElement,wiring,delegate-up,0.27,signature-itself,state-store,0.26,delegate-up,0.17,split-function,0.14
tests/turnstile-client-lifecycle.test.mjs,155,doc.head.appendChild,wiring,guard-clause,0.27,onload,sink-avoidance,1.98,delegate-up,1.27,return-promise,0.93
assets/js/heatmap.js,257,renderDots,errors,try-catch-local,0.26,multiple-sites,token-not-in-url,2.48,unhandled-guard,2.14,escape-output,1.7
assets/js/shared/cut-targets.js,16,targetForPct,errors,validate-early,0.26,find,fallback-default,1.46,unhandled-guard,0.79,validate-early,0.49
assets/js/sizing/charts.js,31,t,errors,propagate-reject,0.26,_t,propagate-reject,1.66,unhandled-guard,0.64,validate-early,0.1
assets/js/sizing/charts.js,1355,getActiveChartLength,errors,fallback-default,0.26,multiple-sites,unhandled-guard,1.92,fallback-default,1.35,validate-early,1.15
assets/js/sizing/frontier-chart.js,640,renderFrontierTable,errors,try-catch-local,0.26,multiple-sites,fallback-default,2.29,token-not-in-url,2.14,escape-output,1.81
assets/js/sizing/rescale.js,218,rs,errors,catch-log-rethrow,0.26,scaleRecord,propagate-reject,1.41,unhandled-guard,0.67,result-object,0.33
assets/js/sizing/run.js,2715,gridSim,errors,propagate-reject,0.26,simulateOffset,propagate-reject,1.5,unhandled-guard,0.74,result-object,0.73
assets/js/sizing/ui.js,4403,tierPrice,errors,validate-early,0.26,fullRange,unhandled-guard,1.04,fallback-default,0.43,propagate-reject,0.43
scripts/smoke/a11y.js,244,tabWalk,errors,try-catch-local,0.26,evaluate,unhandled-guard,2.64,result-object,1.06,fallback-default,0.97
scripts/smoke/advisor-fallbacks.mjs,83,querySelector,wiring,delegate-up,0.26,signature-itself,guard-clause,0.22,delegate-up,0.18,return-promise,0.07
tests/jev-sanitize.test.mjs,501,addEventListener,wiring,delegate-up,0.26,signature-itself,event-emitter,1.77,abort-signal,0.95,worker-postmessage,0.63
tests/location-picker.test.mjs,254,preventDefault,wiring,no-change,0.26,signature-itself,delegate-up,0.13,guard-clause,0.06,abort-signal,0.05
tests/location-picker.test.mjs,272,preventDefault,wiring,no-change,0.26,signature-itself,delegate-up,0.16,guard-clause,0.07,abort-signal,0.05
tests/location-picker.test.mjs,306,enter,errors,no-change,0.26,dispatch,delegate-up,1.32,unhandled-guard,1.26,event-emitter,1.0
tests/location-picker.test.mjs,431,onPick,errors,propagate-reject,0.26,signature-itself,unhandled-guard,0.5,promise-allsettled,0.32,validate-early,0.12
tests/location-picker.test.mjs,479,setStatus,errors,catch-log-rethrow,0.26,signature-itself,unhandled-guard,1.27,state-store,0.41,result-object,0.37
tests/location-picker.test.mjs,480,isCurrent,errors,try-catch-local,0.26,signature-itself,unhandled-guard,0.58,propagate-reject,0.08,result-object,0.04
tests/map-feature.test.mjs,94,appendChild,errors,throw-domain-error,0.26,signature-itself,throw-domain-error,1.04,validate-early,0.95,guard-clause,0.45
tests/resilience-facet.test.mjs,275,patch,errors,propagate-reject,0.26,withField,fallback-default,1.04,unhandled-guard,1.01,propagate-reject,0.74
tests/simple-mode-storage.test.mjs,40,getItem,wiring,return-promise,0.26,signature-itself,return-promise,0.25,state-store,0.22,await-chain,0.14
tests/weather-persistence.test.mjs,61,createObjectStore,errors,propagate-reject,0.26,signature-itself,unhandled-guard,1.28,fallback-default,0.27,validate-early,0.23
tests/weather-persistence.test.mjs,67,tx.objectStore,errors,propagate-reject,0.26,signature-itself,unhandled-guard,1.5,fallback-default,0.93,result-object,0.62
tests/weather-persistence.test.mjs,73,put,errors,propagate-reject,0.26,signature-itself,sink-avoidance,2.92,token-not-in-url,1.26,unhandled-guard,1.24
tests/worker-i18n.test.mjs,365,addEventListener,wiring,worker-postmessage,0.26,signature-itself,event-emitter,1.76,validate-early,1.24,abort-signal,0.93
assets/js/sizing/frontier-chart.js,159,renderFrontier,errors,error-boundary,0.25,signature-itself,fallback-default,2.42,token-not-in-url,1.85,unhandled-guard,1.56
assets/js/sizing/map-provider.js,208,cleanup,wiring,listener-cleanup,0.25,multiple-sites,state-store,0.98,delegate-up,0.9,listener-cleanup,0.62
assets/js/sizing/run.js,417,runSizingUncached,errors,propagate-reject,0.25,await,sink-avoidance,2.94,fallback-default,2.89,propagate-reject,2.29
scripts/smoke/advisor-fallbacks.mjs,78,focus,wiring,return-promise,0.25,signature-itself,callback-param,0.2,delegate-up,0.17,guard-clause,0.11
scripts/smoke/advisor-fallbacks.mjs,102,makeDom,wiring,split-function,0.25,makeElement,state-store,1.95,delegate-up,1.57,split-function,1.3
scripts/smoke/advisor-fallbacks.mjs,205,addEventListener,errors,try-catch-local,0.25,signature-itself,event-emitter,1.81,validate-early,1.25,abort-signal,1.01
scripts/smoke/privacy.mjs,57,runPrivacyFlow,security,sink-avoidance,0.25,evaluate,token-not-in-url,1.94,escape-output,1.61,sink-avoidance,0.86
tests/cities.test.mjs,381,json,errors,no-change,0.25,signature-itself,unhandled-guard,2.0,propagate-reject,0.21,validate-early,0.15
tests/location-picker.test.mjs,191,setStatus,wiring,delegate-up,0.25,signature-itself,state-store,0.42,callback-param,0.16,await-chain,0.13
tests/location-picker.test.mjs,303,setStatus,wiring,delegate-up,0.25,signature-itself,unhandled-guard,1.45,state-store,0.45,result-object,0.41
tests/location-picker.test.mjs,478,onPick,errors,catch-log-rethrow,0.25,signature-itself,unhandled-guard,0.51,promise-allsettled,0.17,validate-early,0.11
tests/performance-playtest.test.mjs,267,patch,errors,propagate-reject,0.25,withField,unhandled-guard,0.94,fallback-default,0.53,propagate-reject,0.21
tests/resilience-facet.test.mjs,264,patch,errors,propagate-reject,0.25,withField,fallback-default,1.02,unhandled-guard,0.84,propagate-reject,0.24
tests/smoke-advisor.test.mjs,45,console.log,errors,no-change,0.25,signature-itself,validate-early,0.62,try-catch-local,0.15,unhandled-guard,0.14
tests/weather-persistence.test.mjs,27,impl,errors,result-object,0.25,signature-itself,unhandled-guard,1.84,result-object,1.75,fallback-default,0.37
assets/js/sizing/charts.js,37,money,errors,propagate-reject,0.24,_money,propagate-reject,1.85,unhandled-guard,0.75,result-object,0.26
assets/js/sizing/paths.js,843,fees,errors,propagate-reject,0.24,multiple-sites,unhandled-guard,0.95,propagate-reject,0.88,validate-early,0.78
assets/js/sizing/ui.js,5215,whyText,errors,fallback-default,0.24,t,fallback-default,1.83,unhandled-guard,1.72,validate-early,0.58
scripts/lib/performance-budgets.mjs,233,over,errors,validate-early,0.24,signature-itself,unhandled-guard,0.56,validate-early,0.42,catch-log-rethrow,0.3
scripts/smoke/a11y.js,305,assertDivButtonsOperable,errors,propagate-reject,0.24,evaluate,unhandled-guard,2.66,result-object,0.99,promise-allsettled,0.85
scripts/smoke/advisor-fallbacks.mjs,206,removeEventListener,errors,try-catch-local,0.24,signature-itself,listener-cleanup,1.71,validate-early,0.96,throw-domain-error,0.88
scripts/smoke/advisor-i18n.mjs,22,renderIn,security,escape-output,0.24,find,sink-avoidance,2.71,token-not-in-url,1.82,escape-output,1.41
tests/cold-start-defects.test.mjs,201,appendChild,errors,validate-early,0.24,signature-itself,validate-early,0.45,propagate-reject,0.15,unhandled-guard,0.15
tests/cross-browser.test.mjs,32,read,errors,no-change,0.24,signature-itself,fallback-default,1.03,unhandled-guard,1.0,validate-early,0.2
tests/location-picker.test.mjs,307,preventDefault,wiring,no-change,0.24,signature-itself,delegate-up,0.14,abort-signal,0.06,guard-clause,0.06
tests/map-feature.test.mjs,80,remove,wiring,guard-clause,0.24,signature-itself,unhandled-guard,1.37,result-object,0.6,propagate-reject,0.44
tests/resilience-facet.test.mjs,228,patch,errors,try-catch-local,0.24,withField,unhandled-guard,0.95,fallback-default,0.48,result-object,0.19
tests/turnstile-client-lifecycle.test.mjs,94,querySelector,wiring,delegate-up,0.24,signature-itself,guard-clause,0.25,delegate-up,0.21,state-store,0.08
assets/js/sizing/ui.js,3018,mergeReSlice,errors,try-catch-local,0.23,multiple-sites,sink-avoidance,2.96,fallback-default,1.94,token-not-in-url,1.39
assets/js/sizing/ui.js,5015,purchasePaths,errors,validate-early,0.23,priceAllPaths,sink-avoidance,2.9,token-not-in-url,1.75,validate-guard,1.63
scripts/smoke/advisor-fallbacks.mjs,274,assertions,errors,throw-domain-error,0.23,signature-itself,throw-domain-error,0.54,result-object,0.41,unhandled-guard,0.4
tests/cities.test.mjs,496,focus,wiring,delegate-up,0.23,signature-itself,callback-param,0.23,delegate-up,0.19,await-chain,0.1
tests/jargon-lint.test.mjs,126,cleanup,errors,propagate-reject,0.23,signature-itself,unhandled-guard,1.65,propagate-reject,0.15,result-object,0.04
tests/location-picker.test.mjs,302,onPick,errors,catch-log-rethrow,0.23,signature-itself,unhandled-guard,0.48,promise-allsettled,0.21,validate-early,0.11
tests/location-picker.test.mjs,356,removeItem,errors,throw-domain-error,0.23,signature-itself,unhandled-guard,0.53,validate-early,0.24,result-object,0.11
tests/map-feature.test.mjs,32,onClick,errors,no-change,0.23,signature-itself,unhandled-guard,0.5,fallback-default,0.21,validate-early,0.13
tests/npx-spawn.test.mjs,67,process.emitWarning,errors,try-catch-local,0.23,multiple-sites,fallback-default,0.27,validate-early,0.25,propagate-reject,0.2
tests/turnstile-client-lifecycle.test.mjs,67,fakeDoc,errors,no-change,0.23,signature-itself,unhandled-guard,1.64,fallback-default,0.52,result-object,0.18
tests/turnstile-client-lifecycle.test.mjs,178,doc.head.appendChild,wiring,guard-clause,0.23,onload,sink-avoidance,2.07,delegate-up,1.3,return-promise,1.11
tests/worker-i18n.test.mjs,330,addEventListener,wiring,worker-postmessage,0.23,signature-itself,event-emitter,1.8,validate-early,1.23,abort-signal,1.02
assets/js/sizing/paths.js,592,priceAllPaths,errors,result-object,0.22,priceOne,fallback-default,1.65,unhandled-guard,1.41,promise-allsettled,1.34
scripts/lib/gates.mjs,189,resolvesToDeployed,errors,validate-early,0.22,resolveHref,sink-avoidance,2.97,fallback-default,1.48,token-not-in-url,1.33
scripts/verify-staging.mjs,100,remaining,errors,no-change,0.22,now,unhandled-guard,0.97,validate-early,0.31,propagate-reject,0.17
tests/resilience-facet.test.mjs,269,patch,errors,propagate-reject,0.22,withField,unhandled-guard,0.78,fallback-default,0.48,propagate-reject,0.21
tests/turnstile-client-lifecycle.test.mjs,126,fakeApi,errors,propagate-reject,0.22,signature-itself,unhandled-guard,1.54,fallback-default,1.43,result-object,0.2
tests/turnstile-client-lifecycle.test.mjs,131,render,errors,validate-early,0.22,signature-itself,unhandled-guard,1.43,result-object,0.16,validate-early,0.12
assets/js/sizing/engine.js,169,buildE1kw,errors,fallback-default,0.21,signature-itself,fallback-default,1.78,validate-early,0.68,unhandled-guard,0.56
assets/js/sizing/frontier-chart.js,464,swatch,errors,no-change,0.21,signature-itself,unhandled-guard,0.82,validate-early,0.19,propagate-reject,0.1
scripts/lib/jev-complete.mjs,238,readRatchetBaseline,errors,try-catch-local,0.21,parse,try-catch-local,2.38,unhandled-guard,1.75,fallback-default,1.74
scripts/lib/jev-report-print.mjs,67,line,errors,catch-log-rethrow,0.21,write,unhandled-guard,1.03,validate-early,0.18,propagate-reject,0.14
scripts/smoke/advisor-fallbacks.mjs,139,removeEventListener,errors,try-catch-local,0.21,signature-itself,listener-cleanup,1.78,validate-early,0.99,throw-domain-error,0.79
scripts/smoke/advisor-i18n.mjs,32,addEventListener,wiring,delegate-up,0.21,signature-itself,event-emitter,1.69,abort-signal,1.05,listener-cleanup,0.68
tests/formatting.test.mjs,174,write,errors,propagate-reject,0.21,signature-itself,unhandled-guard,1.83,propagate-reject,0.42,result-object,0.36
tests/jev-report-print.test.mjs,55,baseReport,errors,no-change,0.21,facets,result-object,1.68,unhandled-guard,1.52,promise-allsettled,0.46
tests/jev-report-print.test.mjs,100,scopedBlock,errors,result-object,0.21,signature-itself,result-object,2.3,propagate-reject,1.22,unhandled-guard,0.57
tests/location-picker.test.mjs,191,onPick,errors,propagate-reject,0.21,signature-itself,unhandled-guard,0.56,promise-allsettled,0.24,validate-early,0.13
tests/location-picker.test.mjs,409,onPick,errors,validate-early,0.21,signature-itself,unhandled-guard,0.74,promise-allsettled,0.23,validate-early,0.12
tests/map-feature.test.mjs,85,tileLayer,errors,propagate-reject,0.21,signature-itself,unhandled-guard,1.73,result-object,0.16,validate-early,0.12
tests/resilience-facet.test.mjs,259,patch,errors,catch-log-rethrow,0.21,withField,unhandled-guard,1.02,fallback-default,0.44,result-object,0.13
assets/js/sizing/usecases.js,428,verdictKeys,errors,validate-early,0.2,signature-itself,unhandled-guard,1.04,validate-early,0.29,catch-log-rethrow,0.12
scripts/lib/seo.mjs,26,metadataIssues,errors,try-catch-local,0.2,multiple-sites,fallback-default,1.19,result-object,1.13,unhandled-guard,0.96
scripts/run-tests.mjs,61,parseCounts,errors,try-catch-local,0.2,match,result-object,0.89,validate-early,0.69,fallback-default,0.63
scripts/smoke/advisor-fallbacks.mjs,205,addEventListener,wiring,delegate-up,0.2,signature-itself,event-emitter,1.81,validate-early,1.25,abort-signal,1.01
scripts/smoke/resilience.mjs,303,stats,errors,no-change,0.2,signature-itself,unhandled-guard,1.84,validate-early,0.2,fallback-default,0.19
tests/gate-self-audit.test.mjs,1010,healthyResult,errors,validate-early,0.2,healthyPath,unhandled-guard,1.91,fallback-default,1.86,result-object,0.65
tests/polish-pass1.test.mjs,159,addEventListener,wiring,state-store,0.2,signature-itself,state-store,2.15,delegate-up,0.89,validate-early,0.48
tests/turnstile-client-lifecycle.test.mjs,136,remove,errors,throw-domain-error,0.2,signature-itself,unhandled-guard,1.12,validate-early,0.4,result-object,0.14
worker/advisor-fallback.mjs,109,buildDegradedReply,errors,fallback-default,0.2,signature-itself,fallback-default,2.62,result-object,1.89,unhandled-guard,1.56
assets/js/sizing/sizing-worker.js,83,rest.onWeatherResolved,errors,validate-early,0.19,signature-itself,unhandled-guard,1.47,validate-early,0.25,result-object,0.15
assets/js/sizing/ui.js,3348,pick,errors,catch-log-rethrow,0.19,selectMatrixCell,propagate-reject,1.73,validate-early,0.61,unhandled-guard,0.42
scripts/smoke/advisor-fallbacks.mjs,32,makeElement,wiring,split-function,0.19,signature-itself,fallback-default,2.15,unhandled-guard,2.03,delegate-up,1.03
tests/consumer-usecases.test.mjs,378,triggerRun,errors,propagate-reject,0.19,signature-itself,unhandled-guard,1.33,result-object,0.05,propagate-reject,0.04
tests/location-picker.test.mjs,479,setStatus,wiring,delegate-up,0.19,signature-itself,unhandled-guard,1.27,state-store,0.41,result-object,0.37
scripts/lib/graceful-exit.mjs,21,exitWhenDrained,errors,validate-early,0.18,signature-itself,fallback-default,1.87,unhandled-guard,0.47,validate-early,0.41
scripts/lib/jev-live.mjs,29,fromFile,errors,try-catch-local,0.18,readFileSync,unhandled-guard,1.36,result-object,1.21,validate-early,1.01
tests/cities.test.mjs,507,setStatus,wiring,delegate-up,0.18,signature-itself,state-store,0.49,callback-param,0.14,event-emitter,0.11
assets/js/sizing/run.js,1498,pointDetail,errors,validate-early,0.17,multiple-sites,fallback-default,1.97,unhandled-guard,1.66,result-object,0.78
assets/js/sizing/ui.js,2719,run,errors,try-catch-local,0.17,signature-itself,validate-early,2.06,fallback-default,1.65,unhandled-guard,1.6
assets/js/sizing/usecases.js,362,deriveLegacy,errors,fallback-default,0.17,useCase,fallback-default,1.73,unhandled-guard,1.2,try-catch-local,1.11
scripts/check-usecases.mjs,42,ok,errors,throw-domain-error,0.17,signature-itself,unhandled-guard,0.82,propagate-reject,0.18,catch-log-rethrow,0.04
scripts/generate-heatmap-data.mjs,226,estimateTariffBlended,errors,propagate-reject,0.17,estimateTariff,fallback-default,1.62,unhandled-guard,1.4,result-object,0.81
scripts/smoke/advisor-fallbacks.mjs,138,addEventListener,wiring,delegate-up,0.17,signature-itself,event-emitter,1.85,validate-early,1.23,abort-signal,1.03
tests/turnstile-client-lifecycle.test.mjs,118,api.render,errors,unhandled-guard,0.17,signature-itself,unhandled-guard,0.8,result-object,0.24,validate-early,0.09
tests/polish-pass1.test.mjs,163,addTo,wiring,return-promise,0.16,signature-itself,delegate-up,0.35,return-promise,0.17,await-chain,0.09
tests/polish-pass1.test.mjs,178,appendChild,wiring,return-promise,0.16,"get(""script:load"")",state-store,1.76,event-emitter,1.06,split-function,1.05
tests/worker-i18n.test.mjs,258,addEventListener,wiring,worker-postmessage,0.16,signature-itself,event-emitter,1.84,abort-signal,0.91,worker-postmessage,0.59
assets/js/sizing/ui.js,4781,footprintText,errors,result-object,0.15,panelLayout,fallback-default,2.05,result-object,0.78,validate-early,0.72
scripts/check-quality.mjs,60,ok,errors,catch-log-rethrow,0.15,signature-itself,unhandled-guard,1.18,propagate-reject,0.17,validate-early,0.07
scripts/smoke/advisor-fallbacks.mjs,194,runScenario,security,least-privilege-fetch,0.15,loadChatJs,sink-avoidance,2.93,escape-output,1.76,token-not-in-url,1.19
scripts/smoke/advisor-fallbacks.mjs,314,assertions,errors,propagate-reject,0.15,signature-itself,throw-domain-error,0.57,result-object,0.34,fallback-default,0.25
tests/location-picker.test.mjs,225,onPick,errors,propagate-reject,0.15,signature-itself,unhandled-guard,0.62,promise-allsettled,0.27,validate-early,0.1
tests/location-picker.test.mjs,389,onPick,wiring,callback-param,0.15,signature-itself,callback-param,0.5,listener-cleanup,0.12,await-chain,0.1
tests/visual-budgets.test.mjs,32,read,errors,throw-domain-error,0.15,signature-itself,unhandled-guard,1.12,fallback-default,1.01,validate-early,0.24
scripts/check-privacy-browser.mjs,46,ok,errors,propagate-reject,0.14,signature-itself,unhandled-guard,0.87,propagate-reject,0.16,catch-log-rethrow,0.04
scripts/lib/byte-budgets.mjs,241,sumOrNull,errors,try-catch-local,0.14,sumOver,fallback-default,1.36,propagate-reject,0.56,result-object,0.56
scripts/lib/experience-budgets.mjs,173,hole,errors,validate-early,0.14,signature-itself,promise-allsettled,0.72,catch-log-rethrow,0.46,error-boundary,0.43
tests/cold-start-defects.test.mjs,215,render,errors,error-boundary,0.14,signature-itself,unhandled-guard,2.07,result-object,0.14,propagate-reject,0.13
tests/map-feature.test.mjs,39,cleanup,errors,propagate-reject,0.14,signature-itself,unhandled-guard,1.24,propagate-reject,0.08,result-object,0.04
tests/cum-cost-caption.test.mjs,30,$,wiring,delegate-up,0.13,signature-itself,listener-cleanup,0.19,await-chain,0.09,return-promise,0.09
tests/location-picker.test.mjs,268,onPick,wiring,delegate-up,0.13,signature-itself,callback-param,0.52,listener-cleanup,0.14,await-chain,0.11
